Node Count,Number of Operations,Total Weight,Execution Time (seconds),Solution Size,Solution
1,201,15,0.0002872943878173828,1,{0}
2,301,52,0.0003178119659423828,1,{1}
3,509,86,0.00037026405334472656,2,"{1, 2}"
4,603,125,0.0004036426544189453,2,"{1, 3}"
5,852,159,0.000518798828125,3,"{1, 2, 3}"
6,932,125,0.0007517337799072266,2,"{1, 3}"
7,1112,187,0.0007812976837158203,3,"{1, 3, 6}"
8,1150,125,0.0008416175842285156,2,"{1, 3}"
9,1533,169,0.0010259151458740234,3,"{2, 3, 6}"
10,1551,155,0.0010759830474853516,3,"{0, 6, 7}"
11,1788,264,0.001291513442993164,4,"{8, 1, 10, 7}"
12,1937,240,0.001299142837524414,3,"{10, 6, 7}"
13,2125,236,0.0012907981872558594,4,"{8, 10, 12, 6}"
14,2318,326,0.0013570785522460938,4,"{9, 10, 13, 7}"
15,2439,303,0.0008563995361328125,4,"{9, 10, 6, 7}"
16,2709,289,0.0009624958038330078,4,"{11, 13, 6, 7}"
17,2911,261,0.0010013580322265625,4,"{16, 10, 13, 6}"
18,3307,304,0.0011768341064453125,6,"{5, 9, 11, 12, 13, 14}"
19,3300,247,0.001009225845336914,5,"{4, 8, 10, 11, 14}"
20,3548,312,0.0011799335479736328,5,"{3, 4, 8, 10, 13}"
21,3626,295,0.0010933876037597656,5,"{4, 7, 8, 9, 10}"
22,3861,299,0.0011456012725830078,6,"{3, 4, 6, 13, 15, 17}"
23,4034,279,0.0011692047119140625,5,"{6, 7, 15, 19, 22}"
24,4445,360,0.0012054443359375,6,"{3, 10, 11, 16, 20, 22}"
25,4249,349,0.0013713836669921875,5,"{3, 6, 10, 12, 22}"
26,4473,335,0.0012831687927246094,5,"{3, 8, 9, 22, 25}"
27,4943,359,0.001371145248413086,5,"{1, 13, 15, 23, 25}"
28,4971,288,0.0014400482177734375,6,"{5, 14, 15, 16, 23, 25}"
29,5246,323,0.0017712116241455078,4,"{23, 13, 22, 7}"
30,5547,370,0.0013942718505859375,6,"{2, 10, 13, 15, 19, 23}"
31,5688,373,0.0014295578002929688,6,"{7, 10, 13, 17, 23, 27}"
32,6155,413,0.0015091896057128906,6,"{2, 10, 13, 14, 22, 25}"
33,6050,346,0.0015811920166015625,6,"{32, 12, 13, 22, 28, 31}"
34,6129,352,0.0015871524810791016,5,"{6, 9, 11, 25, 29}"
35,6524,417,0.0015592575073242188,6,"{33, 34, 9, 10, 11, 13}"
36,6644,393,0.0016777515411376953,6,"{2, 3, 9, 11, 13, 22}"
37,6849,326,0.001631021499633789,7,"{0, 34, 5, 6, 7, 11, 24}"
38,6863,327,0.0017139911651611328,6,"{2, 37, 8, 10, 14, 23}"
39,7431,432,0.0017321109771728516,6,"{32, 9, 10, 22, 29, 31}"
40,7434,395,0.0018489360809326172,6,"{32, 7, 9, 15, 23, 31}"
41,7734,415,0.0018482208251953125,6,"{3, 7, 8, 40, 10, 11}"
42,7918,422,0.003128528594970703,6,"{7, 9, 11, 13, 25, 30}"
43,8468,361,0.0018849372863769531,6,"{1, 13, 14, 20, 22, 23}"
44,8200,370,0.0021255016326904297,8,"{1, 34, 37, 39, 8, 10, 26, 27}"
45,8574,536,0.001974821090698242,7,"{3, 7, 39, 9, 10, 13, 25}"
46,8748,367,0.0022706985473632812,5,"{3, 7, 10, 22, 31}"
47,9162,357,0.002055644989013672,5,"{3, 40, 9, 11, 25}"
48,9572,371,0.002042055130004883,5,"{3, 6, 10, 11, 29}"
49,9581,463,0.0020461082458496094,7,"{34, 3, 7, 11, 13, 16, 22}"
50,9683,389,0.0020759105682373047,6,"{34, 6, 7, 17, 22, 23}"
51,10061,428,0.0027735233306884766,7,"{32, 33, 1, 35, 34, 10, 31}"
52,9824,377,0.0021767616271972656,6,"{7, 45, 51, 23, 24, 25}"
53,10158,404,0.0021359920501708984,5,"{10, 11, 48, 23, 25}"
54,10758,454,0.002390146255493164,6,"{6, 40, 44, 13, 23, 25}"
55,10854,423,0.0024352073669433594,6,"{34, 3, 6, 51, 20, 53}"
56,11264,425,0.0022978782653808594,7,"{2, 3, 38, 44, 50, 22, 55}"
57,11299,345,0.0023605823516845703,6,"{2, 3, 40, 9, 10, 24}"
58,11410,417,0.0027387142181396484,7,"{34, 3, 37, 40, 11, 51, 54}"
59,11535,410,0.002546548843383789,6,"{15, 48, 50, 18, 53, 56}"
60,12137,384,0.0024404525756835938,6,"{2, 7, 56, 25, 29, 24}"
61,11960,435,0.002588510513305664,7,"{5, 10, 45, 50, 22, 56, 57}"
62,12009,436,0.0026166439056396484,6,"{40, 10, 44, 12, 53, 58}"
63,12632,411,0.002497434616088867,7,"{1, 13, 15, 23, 57, 60, 29}"
64,12813,438,0.0025229454040527344,7,"{32, 4, 42, 51, 55, 25, 29}"
65,13268,425,0.0026433467864990234,6,"{32, 7, 53, 31, 30, 63}"
66,13461,372,0.002788543701171875,6,"{7, 49, 17, 53, 23, 63}"
67,13264,431,0.0026259422302246094,7,"{2, 35, 7, 10, 42, 60, 63}"
68,13580,490,0.002631664276123047,7,"{32, 34, 38, 7, 10, 53, 31}"
69,13960,417,0.0027823448181152344,6,"{33, 34, 65, 10, 52, 56}"
70,14341,424,0.002770662307739258,6,"{32, 65, 51, 59, 60, 62}"
71,14425,473,0.0029189586639404297,8,"{66, 13, 14, 54, 23, 59, 29, 63}"
72,15049,472,0.0030517578125,7,"{34, 7, 10, 44, 13, 52, 28}"
73,14784,451,0.0028586387634277344,7,"{65, 1, 11, 14, 48, 51, 23}"
74,15685,465,0.003067493438720703,7,"{4, 39, 12, 13, 53, 25, 63}"
75,14823,402,0.003148317337036133,6,"{66, 10, 14, 22, 56, 25}"
76,15680,491,0.003003835678100586,7,"{3, 35, 71, 10, 43, 51, 23}"
77,16212,449,0.003129243850708008,7,"{3, 70, 72, 10, 76, 50, 28}"
78,15775,457,0.0031218528747558594,7,"{76, 12, 77, 49, 51, 53, 62}"
79,16488,414,0.0031194686889648438,6,"{69, 10, 13, 55, 58, 60}"
80,16355,401,0.003091573715209961,7,"{64, 37, 69, 75, 77, 25, 63}"
81,16609,469,0.0031974315643310547,8,"{8, 9, 43, 48, 51, 20, 23, 55}"
82,17052,524,0.0032029151916503906,7,"{7, 71, 76, 50, 22, 59, 62}"
83,17326,450,0.00328826904296875,7,"{11, 48, 23, 25, 59, 61, 62}"
84,17947,391,0.0033359527587890625,7,"{2, 36, 10, 11, 46, 53, 23}"
85,17776,538,0.005409955978393555,8,"{7, 10, 76, 45, 48, 18, 29, 63}"
86,17614,487,0.00331878662109375,7,"{33, 7, 10, 11, 80, 56, 60}"
87,18731,467,0.0037491321563720703,7,"{1, 69, 80, 50, 55, 86, 22}"
88,18882,411,0.003434896469116211,8,"{35, 69, 70, 73, 12, 77, 44, 60}"
89,18084,488,0.003738880157470703,8,"{32, 34, 3, 36, 2, 77, 22, 62}"
90,19020,484,0.004434108734130859,7,"{3, 35, 8, 10, 13, 80, 58}"
91,19061,466,0.003612041473388672,7,"{6, 11, 48, 81, 51, 86, 60}"
92,19109,537,0.004267454147338867,7,"{13, 15, 53, 56, 25, 58, 60}"
93,19151,529,0.003705739974975586,7,"{3, 7, 50, 83, 86, 22, 87}"
94,19920,427,0.0040645599365234375,7,"{32, 5, 7, 22, 55, 29, 30}"
95,20297,438,0.003887653350830078,7,"{38, 7, 77, 15, 47, 80, 93}"
96,20439,463,0.0041103363037109375,7,"{32, 37, 8, 77, 82, 86, 93}"
97,20677,522,0.0037436485290527344,8,"{2, 3, 69, 6, 10, 59, 92, 63}"
98,21082,477,0.003962278366088867,8,"{65, 40, 8, 43, 76, 45, 51, 29}"
99,20884,408,0.003808736801147461,7,"{96, 1, 44, 15, 84, 92, 29}"
100,21174,454,0.003988742828369141,7,"{32, 40, 11, 76, 82, 53, 30}"
101,21527,449,0.003916025161743164,6,"{73, 76, 77, 22, 25, 59}"
102,21758,524,0.0038182735443115234,7,"{97, 100, 69, 37, 77, 22, 93}"
103,22111,477,0.003919363021850586,7,"{67, 7, 80, 53, 22, 25, 58}"
104,22514,441,0.00413203239440918,7,"{7, 41, 9, 44, 81, 84, 25}"
105,23137,599,0.00524449348449707,8,"{32, 100, 101, 7, 8, 80, 51, 23}"
106,22773,447,0.003939390182495117,6,"{32, 65, 34, 70, 104, 50}"
107,22792,468,0.004300355911254883,6,"{37, 101, 40, 51, 83, 25}"
108,23293,449,0.004086732864379883,7,"{64, 97, 101, 82, 50, 93, 30}"
109,23746,550,0.004110813140869141,8,"{70, 8, 45, 48, 50, 53, 23, 56}"
110,24368,510,0.004711151123046875,9,"{99, 100, 6, 43, 12, 78, 53, 25, 62}"
111,24232,524,0.004104137420654297,8,"{65, 97, 100, 69, 84, 53, 88, 90}"
112,24419,494,0.004863739013671875,9,"{96, 99, 70, 7, 110, 51, 20, 61, 95}"
113,23884,542,0.004880189895629883,7,"{102, 40, 10, 11, 44, 59, 93}"
114,24926,473,0.00449824333190918,7,"{97, 7, 42, 51, 22, 59, 28}"
115,24446,489,0.004265785217285156,6,"{65, 3, 76, 83, 25, 58}"
116,25596,465,0.0059049129486083984,8,"{64, 99, 100, 77, 110, 81, 22, 27}"
117,25070,476,0.004384517669677734,8,"{99, 6, 107, 75, 80, 86, 23, 59}"
118,25441,491,0.0053997039794921875,8,"{96, 5, 72, 113, 82, 50, 51, 29}"
119,25715,452,0.005886077880859375,6,"{104, 77, 80, 113, 87, 59}"
120,25682,520,0.004410743713378906,8,"{102, 7, 40, 42, 77, 79, 22, 93}"
121,26594,447,0.004551410675048828,8,"{33, 2, 40, 104, 47, 81, 86, 23}"
122,26629,486,0.005489826202392578,7,"{97, 101, 77, 23, 56, 24, 92}"
123,27815,502,0.00568842887878418,7,"{101, 13, 15, 84, 25, 90, 29}"
124,27437,489,0.004782915115356445,6,"{65, 101, 40, 50, 56, 58}"
125,26926,484,0.004754066467285156,7,"{32, 101, 70, 43, 110, 53, 121}"
126,27484,560,0.004776954650878906,9,"{2, 37, 106, 109, 81, 50, 21, 123, 29}"
127,28610,480,0.0046269893646240234,8,"{96, 99, 37, 38, 18, 56, 59, 60}"
128,28145,504,0.005052089691162109,7,"{32, 97, 69, 103, 119, 59, 63}"
129,27987,446,0.004755258560180664,7,"{98, 5, 7, 107, 77, 53, 119}"
130,27959,476,0.004686117172241211,7,"{101, 110, 15, 112, 24, 93, 127}"
131,29074,463,0.004899263381958008,7,"{71, 12, 18, 86, 58, 59, 63}"
132,29923,492,0.005212068557739258,8,"{68, 110, 117, 118, 119, 121, 29, 63}"
133,29604,514,0.004947662353515625,7,"{96, 101, 11, 117, 125, 56, 93}"
134,29473,491,0.0049169063568115234,7,"{101, 11, 110, 87, 58, 59, 29}"
135,31317,521,0.005115985870361328,7,"{96, 97, 35, 40, 76, 13, 121}"
136,30528,497,0.005586385726928711,7,"{3, 132, 7, 10, 119, 55, 122}"
137,29792,459,0.005488872528076172,8,"{32, 100, 133, 73, 81, 113, 51, 120}"
138,31378,536,0.005240201950073242,8,"{34, 56, 102, 104, 80, 55, 88, 58}"
139,31412,428,0.005166292190551758,8,"{128, 2, 35, 4, 6, 76, 48, 91}"
140,31017,514,0.0052242279052734375,7,"{96, 135, 136, 81, 55, 58, 59}"
141,31677,602,0.005365610122680664,9,"{32, 34, 73, 76, 81, 114, 53, 22, 127}"
142,31393,573,0.005224466323852539,8,"{129, 7, 106, 76, 20, 117, 56, 93}"
143,31634,533,0.0052127838134765625,8,"{96, 6, 14, 80, 50, 84, 53, 31}"
144,31822,567,0.005662679672241211,7,"{97, 6, 39, 106, 140, 86, 119}"
145,32968,542,0.005776882171630859,8,"{2, 34, 101, 134, 71, 139, 140, 50}"
146,32677,606,0.006776571273803711,8,"{32, 1, 102, 140, 80, 145, 51, 53}"
147,33269,552,0.006121635437011719,7,"{97, 104, 10, 110, 50, 53, 91}"
148,33850,541,0.0053920745849609375,7,"{34, 3, 100, 11, 143, 113, 119}"
149,33573,541,0.006348848342895508,8,"{99, 9, 106, 16, 113, 18, 83, 63}"
150,33978,530,0.005510091781616211,7,"{98, 3, 137, 9, 138, 110, 113}"
151,34575,596,0.005949258804321289,8,"{1, 97, 39, 106, 139, 110, 83, 23}"
152,34899,584,0.006030559539794922,9,"{65, 100, 8, 10, 77, 16, 83, 86, 124}"
153,35343,531,0.006048440933227539,8,"{34, 99, 6, 107, 50, 86, 119, 31}"
154,33666,563,0.0054798126220703125,9,"{69, 7, 73, 140, 46, 113, 152, 62, 63}"
155,34691,599,0.005610466003417969,8,"{97, 132, 102, 9, 44, 119, 152, 59}"
156,35587,482,0.005842447280883789,7,"{128, 76, 50, 83, 87, 23, 92}"
157,35498,591,0.005957126617431641,9,"{98, 10, 76, 109, 48, 151, 25, 91, 126}"
158,36056,619,0.005851030349731445,8,"{102, 113, 148, 117, 56, 123, 125, 127}"
159,35164,463,0.005803823471069336,7,"{34, 37, 108, 15, 118, 127, 63}"
160,36977,566,0.005934953689575195,8,"{96, 32, 103, 11, 140, 77, 90, 123}"
161,37335,581,0.005875110626220703,8,"{65, 4, 137, 77, 23, 154, 59, 63}"
162,37578,528,0.006088733673095703,8,"{161, 2, 3, 22, 121, 123, 156, 93}"
163,36745,506,0.006863117218017578,8,"{161, 162, 98, 5, 6, 140, 83, 88}"
164,37751,524,0.008846521377563477,8,"{35, 131, 134, 7, 104, 136, 108, 59}"
165,38231,524,0.006505250930786133,8,"{99, 137, 10, 9, 49, 114, 23, 29}"
166,38123,548,0.00594329833984375,8,"{131, 135, 136, 148, 57, 31, 93, 63}"
167,38685,541,0.00823831558227539,8,"{65, 97, 101, 135, 42, 123, 95, 63}"
168,37835,498,0.006394386291503906,9,"{1, 162, 58, 132, 139, 111, 150, 122, 126}"
169,38094,547,0.006938457489013672,7,"{97, 65, 122, 135, 10, 90, 127}"
170,39070,541,0.006421327590942383,8,"{98, 164, 168, 15, 143, 53, 155, 127}"
171,39096,515,0.0073168277740478516,8,"{161, 65, 110, 142, 114, 83, 119, 29}"
172,39583,567,0.007014036178588867,8,"{96, 35, 164, 133, 166, 169, 145, 63}"
173,41064,570,0.00709223747253418,8,"{3, 101, 102, 11, 110, 152, 122, 29}"
174,40185,464,0.006923198699951172,8,"{0, 40, 11, 140, 141, 173, 88, 59}"
175,40878,496,0.006837606430053711,8,"{97, 65, 129, 38, 108, 112, 148, 60}"
176,40279,531,0.006534099578857422,7,"{97, 3, 102, 135, 138, 109, 110}"
177,41514,591,0.006917238235473633,9,"{65, 153, 3, 166, 137, 106, 13, 55, 89}"
178,41339,466,0.007203340530395508,7,"{98, 102, 40, 50, 152, 89, 93}"
179,41685,528,0.006909370422363281,7,"{65, 113, 83, 84, 119, 59, 61}"
180,42585,631,0.00716400146484375,9,"{96, 1, 34, 130, 102, 179, 119, 57, 123}"
181,42250,525,0.006692171096801758,8,"{165, 168, 105, 138, 80, 113, 114, 56}"
182,43002,595,0.007312774658203125,8,"{131, 101, 137, 13, 51, 53, 56, 26}"
183,43003,589,0.0068628787994384766,9,"{0, 3, 5, 135, 140, 141, 80, 112, 50}"
184,41702,562,0.007530689239501953,8,"{101, 7, 76, 14, 145, 117, 56, 88}"
185,42823,574,0.006928205490112305,8,"{99, 138, 117, 121, 58, 59, 94, 63}"
186,43726,466,0.006986856460571289,7,"{132, 140, 77, 112, 181, 122, 127}"
187,44153,555,0.00683903694152832,8,"{130, 131, 11, 173, 77, 52, 86, 56}"
188,44547,549,0.007151365280151367,8,"{32, 3, 50, 180, 184, 25, 56, 92}"
189,43813,501,0.006712675094604492,8,"{128, 3, 99, 174, 144, 176, 112, 53}"
190,44989,517,0.0072672367095947266,8,"{0, 6, 136, 76, 112, 145, 59, 126}"
191,45003,526,0.007177114486694336,8,"{128, 164, 6, 136, 12, 76, 145, 60}"
192,44982,505,0.008128881454467773,7,"{38, 169, 172, 177, 113, 149, 119}"
193,45871,590,0.0070953369140625,8,"{7, 168, 171, 78, 177, 117, 56, 63}"
194,45185,547,0.0074651241302490234,7,"{166, 106, 44, 143, 177, 180, 93}"
195,46132,539,0.007088422775268555,8,"{34, 177, 83, 20, 22, 91, 92, 191}"
196,47184,588,0.0074024200439453125,11,"{1, 162, 101, 41, 13, 48, 148, 85, 182, 122, 157}"
197,46024,533,0.007315158843994141,8,"{97, 7, 138, 141, 50, 19, 23, 158}"
198,47029,613,0.008194208145141602,8,"{34, 139, 108, 141, 76, 53, 56, 60}"
199,47044,518,0.007154941558837891,9,"{33, 161, 133, 37, 76, 149, 86, 55, 63}"
200,46785,581,0.00944066047668457,8,"{97, 134, 137, 138, 140, 172, 176, 94}"
201,47892,485,0.007261991500854492,8,"{67, 166, 167, 10, 179, 55, 123, 60}"
202,46601,529,0.007262706756591797,8,"{128, 97, 137, 59, 108, 80, 155, 94}"
203,47425,568,0.007781982421875,9,"{197, 70, 74, 140, 110, 111, 80, 83, 148}"
204,47757,550,0.007559776306152344,8,"{37, 168, 139, 141, 80, 23, 90, 187}"
205,49092,604,0.010962247848510742,8,"{166, 137, 108, 48, 82, 151, 56, 93}"
206,48684,576,0.008002042770385742,8,"{1, 104, 106, 138, 79, 112, 55, 119}"
207,48713,618,0.0076446533203125,10,"{191, 130, 164, 133, 5, 106, 20, 25, 91, 31}"
208,49846,526,0.008521556854248047,8,"{128, 195, 133, 135, 200, 40, 140, 60}"
209,49320,565,0.007929325103759766,9,"{96, 139, 207, 48, 18, 83, 117, 22, 31}"
210,49519,552,0.008426189422607422,8,"{71, 59, 171, 204, 113, 51, 121, 91}"
211,49862,583,0.007950782775878906,9,"{128, 1, 98, 168, 140, 112, 81, 147, 86}"
212,50756,606,0.010008096694946289,8,"{138, 11, 45, 117, 86, 119, 187, 189}"
213,50394,656,0.00821065902709961,10,"{128, 3, 6, 10, 45, 51, 180, 147, 58, 187}"
214,50909,629,0.00777435302734375,9,"{96, 165, 71, 140, 206, 208, 212, 180, 152}"
215,51168,558,0.007887601852416992,8,"{108, 77, 112, 177, 50, 121, 154, 94}"
216,51429,635,0.00807642936706543,8,"{11, 206, 112, 145, 213, 214, 119, 58}"
217,52541,599,0.011605501174926758,10,"{43, 12, 140, 112, 179, 52, 212, 118, 91, 127}"
218,52507,655,0.007838010787963867,9,"{164, 197, 201, 171, 13, 206, 175, 177, 114}"
219,52286,625,0.007733821868896484,10,"{65, 196, 167, 169, 48, 208, 212, 22, 55, 93}"
220,53382,576,0.008489131927490234,9,"{90, 137, 107, 110, 48, 177, 22, 154, 59}"
221,52779,579,0.007806301116943359,9,"{135, 42, 202, 77, 209, 211, 214, 60, 93}"
222,54299,760,0.00820302963256836,9,"{131, 198, 138, 187, 148, 55, 56, 59, 220}"
223,54283,567,0.008025169372558594,8,"{32, 192, 164, 104, 201, 171, 80, 189}"
224,53140,546,0.00845789909362793,9,"{131, 164, 145, 210, 52, 23, 59, 221, 94}"
225,52498,638,0.008183002471923828,9,"{133, 137, 172, 145, 218, 59, 28, 126, 127}"
226,53395,619,0.007900476455688477,8,"{169, 171, 140, 172, 19, 148, 119, 191}"
227,54336,608,0.008145332336425781,8,"{164, 40, 171, 206, 148, 53, 216, 30}"
228,54834,637,0.008285760879516602,9,"{161, 166, 199, 6, 106, 171, 214, 22, 90}"
229,54652,589,0.010519027709960938,9,"{101, 135, 41, 76, 50, 213, 185, 58, 188}"
230,56132,565,0.008916139602661133,9,"{225, 3, 100, 228, 166, 5, 142, 216, 221}"
231,56053,641,0.008606910705566406,9,"{3, 102, 201, 138, 11, 74, 50, 213, 93}"
232,56402,552,0.009103775024414062,7,"{225, 185, 29, 216, 217, 187, 221}"
233,55783,544,0.008880138397216797,8,"{96, 195, 135, 199, 139, 149, 214, 190}"
234,56570,619,0.008972406387329102,8,"{101, 229, 8, 168, 172, 177, 51, 119}"
235,58074,547,0.008333206176757812,9,"{0, 6, 135, 74, 48, 50, 23, 149, 119}"
236,56495,621,0.008470535278320312,9,"{128, 10, 76, 80, 113, 112, 82, 148, 188}"
237,56063,557,0.008519649505615234,7,"{230, 11, 76, 77, 13, 145, 185}"
238,56773,590,0.00945734977722168,9,"{71, 234, 45, 113, 88, 121, 91, 93, 127}"
239,58829,560,0.010348796844482422,9,"{36, 104, 139, 235, 206, 86, 87, 122, 93}"
240,57512,548,0.009007930755615234,9,"{66, 100, 239, 47, 208, 81, 180, 53, 220}"
241,58036,589,0.009325981140136719,9,"{193, 100, 140, 12, 117, 214, 157, 25, 93}"
242,57801,535,0.008989334106445312,9,"{131, 40, 8, 105, 106, 236, 86, 187, 31}"
243,58229,567,0.008974790573120117,10,"{192, 35, 164, 101, 70, 135, 114, 148, 118, 57}"
244,59324,539,0.009333610534667969,8,"{161, 71, 140, 77, 145, 17, 86, 219}"
245,58937,657,0.009319782257080078,9,"{166, 104, 9, 43, 172, 77, 76, 147, 214}"
246,59641,586,0.009513616561889648,8,"{137, 237, 113, 50, 243, 147, 209, 185}"
247,60091,609,0.008922338485717773,8,"{162, 237, 175, 176, 242, 87, 25, 63}"
248,61467,614,0.009992122650146484,8,"{230, 231, 198, 239, 50, 214, 55, 63}"
249,60651,547,0.00939488410949707,8,"{34, 66, 197, 237, 206, 219, 222, 63}"
250,63480,581,0.009140968322753906,10,"{97, 101, 166, 40, 45, 174, 239, 117, 57, 157}"
251,60692,608,0.00946807861328125,9,"{97, 34, 196, 140, 212, 119, 182, 86, 125}"
252,62629,658,0.012181758880615234,10,"{97, 249, 7, 104, 42, 171, 109, 50, 25, 126}"
253,61627,575,0.009156942367553711,8,"{98, 201, 10, 141, 206, 112, 149, 221}"
254,62884,545,0.01005101203918457,9,"{3, 102, 200, 10, 107, 45, 117, 58, 91}"
255,63454,555,0.009160041809082031,9,"{192, 225, 228, 40, 234, 113, 120, 126, 127}"
256,64000,558,0.009419918060302734,9,"{32, 162, 226, 101, 37, 205, 49, 84, 245}"
257,63526,576,0.011094808578491211,8,"{138, 172, 239, 48, 52, 120, 217, 127}"
258,62396,496,0.009417057037353516,9,"{227, 70, 40, 105, 44, 77, 18, 245, 253}"
259,63450,542,0.009753227233886719,8,"{258, 98, 70, 9, 153, 187, 252, 191}"
260,64055,580,0.009212493896484375,8,"{32, 97, 130, 201, 204, 50, 181, 191}"
261,63225,588,0.009785890579223633,9,"{198, 71, 70, 112, 176, 50, 80, 213, 188}"
262,65802,653,0.00951075553894043,9,"{1, 164, 41, 10, 141, 209, 50, 245, 63}"
263,64518,632,0.009465932846069336,9,"{6, 7, 262, 206, 51, 180, 122, 221, 127}"
264,64893,638,0.010146617889404297,8,"{225, 233, 10, 108, 242, 247, 56, 60}"
265,65994,659,0.009520530700683594,10,"{96, 130, 195, 100, 37, 263, 106, 108, 239, 154}"
266,65334,639,0.011432409286499023,10,"{32, 37, 46, 145, 179, 53, 94, 121, 93, 25}"
267,66331,574,0.010083913803100586,9,"{257, 185, 104, 200, 77, 239, 112, 153, 26}"
268,65934,557,0.010788679122924805,9,"{129, 201, 108, 45, 172, 112, 179, 180, 87}"
269,66464,571,0.009884357452392578,8,"{257, 101, 59, 10, 50, 217, 155, 124}"
270,66227,539,0.010523080825805664,9,"{196, 249, 230, 113, 180, 119, 183, 247, 61}"
271,67613,607,0.009927034378051758,10,"{160, 97, 197, 40, 168, 237, 270, 118, 86, 217}"
272,67441,592,0.009696483612060547,8,"{232, 76, 143, 113, 180, 150, 123, 63}"
273,66355,599,0.009623527526855469,10,"{257, 195, 72, 105, 76, 172, 49, 113, 53, 86}"
274,66339,552,0.010159730911254883,9,"{161, 260, 42, 15, 23, 56, 153, 58, 220}"
275,67915,607,0.009788274765014648,8,"{162, 2, 169, 9, 108, 272, 123, 93}"
276,68576,586,0.012015581130981445,9,"{257, 106, 235, 76, 109, 81, 183, 216, 189}"
277,69233,579,0.009922027587890625,9,"{230, 235, 49, 273, 86, 214, 87, 56, 30}"
278,67793,580,0.010029315948486328,8,"{102, 168, 169, 139, 174, 23, 217, 187}"
279,68298,624,0.010843992233276367,8,"{198, 168, 143, 209, 179, 248, 25, 127}"
280,70378,595,0.010967254638671875,9,"{258, 7, 139, 83, 87, 152, 28, 157, 191}"
281,69505,634,0.010802507400512695,9,"{227, 100, 230, 40, 140, 76, 46, 273, 23}"
282,68582,560,0.013014554977416992,9,"{99, 204, 174, 273, 281, 59, 156, 95, 63}"
283,70607,612,0.010575532913208008,9,"{162, 66, 232, 236, 143, 208, 148, 53, 22}"
284,70372,666,0.010703563690185547,9,"{258, 164, 199, 136, 112, 186, 187, 220, 63}"
285,71264,652,0.01097249984741211,9,"{97, 2, 229, 137, 138, 235, 51, 53, 185}"
286,70500,577,0.010320186614990234,8,"{226, 201, 106, 9, 273, 217, 251, 127}"
287,71045,577,0.010514259338378906,8,"{137, 10, 266, 201, 172, 274, 147, 187}"
288,71829,662,0.010727882385253906,9,"{65, 132, 230, 104, 10, 235, 108, 273, 247}"
289,71285,582,0.011000394821166992,9,"{225, 34, 35, 167, 169, 113, 63, 125, 127}"
290,71888,509,0.010547399520874023,9,"{194, 67, 195, 131, 140, 273, 87, 222, 127}"
291,73518,662,0.012420892715454102,9,"{3, 40, 200, 104, 108, 84, 217, 222, 191}"
292,72150,638,0.010895729064941406,8,"{258, 34, 40, 77, 247, 216, 30, 127}"
293,73758,779,0.011486530303955078,11,"{96, 32, 194, 102, 108, 142, 177, 81, 23, 56, 220}"
294,72938,596,0.010881900787353516,8,"{256, 100, 133, 198, 10, 77, 283, 91}"
295,73531,526,0.011153221130371094,8,"{192, 281, 9, 208, 23, 121, 58, 91}"
296,72855,650,0.010608911514282227,9,"{64, 225, 198, 201, 171, 271, 208, 247, 63}"
297,73253,532,0.010511636734008789,9,"{225, 165, 78, 209, 247, 153, 154, 59, 220}"
298,73783,631,0.010753154754638672,9,"{257, 234, 77, 239, 48, 145, 114, 121, 189}"
299,75837,649,0.011151552200317383,10,"{33, 99, 58, 230, 265, 76, 247, 122, 219, 29}"
300,75718,631,0.011793375015258789,10,"{133, 237, 213, 245, 120, 249, 218, 156, 286, 127}"
301,74523,543,0.01197361946105957,7,"{162, 37, 140, 209, 148, 222, 191}"
302,77007,580,0.011991262435913086,7,"{32, 232, 137, 206, 25, 283, 221}"
303,75339,585,0.011095523834228516,9,"{101, 71, 138, 300, 46, 83, 119, 184, 188}"
304,76018,630,0.011584758758544922,9,"{225, 162, 7, 296, 16, 80, 178, 59, 190}"
305,75952,563,0.01159048080444336,7,"{106, 234, 123, 149, 86, 25, 59}"
306,74386,620,0.0112762451171875,9,"{229, 298, 204, 53, 281, 283, 222, 286, 191}"
307,78726,611,0.011692523956298828,9,"{33, 109, 211, 86, 247, 25, 283, 29, 30}"
308,77080,682,0.011718034744262695,9,"{2, 99, 164, 98, 166, 300, 112, 208, 119}"
309,77977,550,0.011825323104858398,10,"{97, 259, 165, 262, 39, 101, 265, 173, 206, 185}"
310,77948,681,0.012181282043457031,10,"{261, 104, 299, 206, 17, 245, 119, 185, 123, 284}"
311,78005,634,0.01150369644165039,10,"{259, 249, 135, 296, 73, 298, 51, 185, 59, 284}"
312,79518,586,0.011438369750976562,9,"{96, 98, 195, 266, 300, 208, 112, 279, 90}"
313,77338,575,0.011473417282104492,9,"{228, 137, 267, 206, 272, 113, 145, 87, 154}"
314,78613,611,0.011781930923461914,10,"{229, 105, 172, 177, 305, 275, 55, 119, 186, 63}"
315,78155,655,0.011730432510375977,10,"{229, 168, 51, 245, 150, 280, 185, 282, 189, 63}"
316,79207,644,0.012543916702270508,8,"{234, 138, 140, 113, 209, 306, 281, 253}"
317,79615,579,0.012006759643554688,10,"{3, 297, 42, 204, 208, 182, 247, 283, 316, 30}"
318,78486,608,0.012929677963256836,8,"{166, 39, 168, 143, 83, 148, 283, 60}"
319,83068,641,0.012022733688354492,10,"{98, 195, 164, 199, 40, 298, 302, 208, 150, 31}"
320,81574,577,0.011976957321166992,8,"{261, 123, 77, 206, 114, 115, 50, 283}"
321,82399,601,0.01364898681640625,8,"{130, 140, 110, 145, 243, 247, 216, 314}"
322,81709,592,0.012410879135131836,9,"{225, 291, 69, 76, 13, 77, 110, 85, 29}"
323,81970,566,0.012862443923950195,9,"{34, 99, 195, 35, 108, 302, 278, 55, 155}"
324,81737,591,0.01227712631225586,8,"{196, 71, 7, 135, 298, 172, 301, 50}"
325,82756,624,0.01228952407836914,8,"{249, 201, 51, 115, 25, 220, 63, 127}"
326,81002,525,0.012673377990722656,9,"{261, 37, 262, 300, 302, 142, 15, 50, 153}"
327,82610,633,0.01247096061706543,10,"{256, 64, 260, 70, 7, 302, 176, 51, 190, 126}"
328,85365,636,0.01728200912475586,10,"{2, 300, 302, 145, 115, 19, 216, 313, 253, 191}"
329,82952,571,0.012628316879272461,9,"{198, 104, 200, 299, 78, 150, 90, 187, 316}"
330,83800,682,0.012160539627075195,9,"{227, 229, 138, 171, 237, 77, 272, 219, 127}"
331,84116,599,0.01251840591430664,8,"{195, 166, 106, 110, 148, 245, 187, 156}"
332,82659,536,0.012676000595092773,10,"{1, 2, 322, 169, 298, 11, 76, 24, 219, 286}"
333,83922,522,0.013476133346557617,8,"{136, 330, 171, 77, 14, 174, 247, 217}"
334,85533,538,0.014258623123168945,9,"{97, 100, 36, 138, 142, 46, 48, 177, 319}"
335,85686,623,0.013586759567260742,9,"{321, 323, 101, 133, 8, 139, 83, 23, 317}"
336,84273,633,0.014246225357055664,9,"{0, 258, 323, 59, 11, 76, 209, 85, 283}"
337,87134,614,0.013254642486572266,9,"{199, 200, 105, 77, 13, 239, 84, 119, 30}"
338,87941,582,0.012807846069335938,10,"{97, 162, 260, 136, 234, 235, 47, 87, 251, 191}"
339,85965,626,0.012971162796020508,9,"{121, 100, 234, 145, 210, 179, 150, 217, 316}"
340,87363,625,0.012951850891113281,11,"{7, 42, 331, 76, 17, 114, 83, 339, 179, 278, 186}"
341,87122,690,0.012954473495483398,10,"{34, 323, 132, 226, 185, 299, 306, 242, 309, 217}"
342,88551,782,0.012928485870361328,10,"{34, 100, 264, 106, 172, 77, 334, 242, 243, 93}"
343,89887,603,0.015494346618652344,9,"{226, 134, 171, 13, 113, 149, 121, 187, 191}"
344,88029,658,0.012779712677001953,10,"{128, 225, 131, 9, 271, 145, 51, 148, 180, 312}"
345,87925,607,0.012743473052978516,9,"{192, 164, 166, 71, 232, 266, 341, 152, 316}"
346,90486,675,0.013013839721679688,9,"{224, 262, 296, 333, 335, 208, 152, 189, 318}"
347,88219,637,0.013349294662475586,10,"{296, 200, 172, 12, 236, 47, 114, 22, 222, 286}"
348,89772,619,0.014601707458496094,9,"{96, 260, 332, 148, 244, 281, 220, 63, 191}"
349,90468,657,0.014253854751586914,9,"{257, 230, 6, 138, 250, 341, 216, 56, 63}"
350,87633,595,0.015746355056762695,9,"{3, 218, 142, 348, 121, 215, 220, 253, 286}"
351,87208,549,0.013453245162963867,8,"{3, 164, 5, 108, 342, 150, 190, 319}"
352,89677,585,0.013709783554077148,9,"{196, 230, 7, 340, 87, 152, 89, 252, 25}"
353,92335,641,0.013449907302856445,9,"{96, 72, 328, 76, 176, 23, 185, 348, 63}"
354,90734,609,0.014336824417114258,9,"{257, 131, 11, 299, 267, 242, 248, 56, 59}"
355,91004,557,0.013452768325805664,8,"{162, 229, 327, 205, 142, 119, 187, 63}"
356,91552,622,0.013478517532348633,9,"{32, 97, 137, 77, 335, 83, 21, 280, 154}"
357,89566,612,0.013401508331298828,8,"{258, 106, 77, 334, 242, 84, 347, 190}"
358,90700,577,0.013592004776000977,9,"{4, 261, 39, 273, 119, 218, 123, 158, 319}"
359,90678,565,0.013864994049072266,9,"{197, 229, 295, 168, 105, 11, 140, 206, 317}"
360,93783,691,0.014012336730957031,10,"{97, 323, 132, 300, 206, 46, 177, 342, 90, 62}"
361,92635,672,0.013838529586791992,9,"{130, 171, 145, 306, 51, 213, 214, 252, 63}"
362,94147,628,0.01598381996154785,11,"{164, 228, 231, 329, 9, 43, 331, 174, 210, 281, 122}"
363,94166,625,0.014225006103515625,10,"{100, 71, 169, 234, 331, 54, 311, 154, 317, 351}"
364,91033,524,0.013617515563964844,9,"{165, 38, 199, 137, 172, 242, 19, 278, 214}"
365,93173,630,0.013796091079711914,9,"{97, 101, 8, 174, 208, 83, 52, 55, 218}"
366,94255,658,0.014093399047851562,9,"{290, 232, 59, 113, 277, 246, 123, 286, 127}"
367,93657,628,0.013961553573608398,10,"{225, 4, 197, 300, 76, 238, 18, 51, 119, 31}"
368,92977,570,0.014020919799804688,9,"{312, 354, 136, 168, 364, 239, 184, 57, 218}"
369,95449,601,0.015257596969604492,10,"{2, 162, 227, 325, 290, 7, 174, 83, 86, 223}"
370,95183,587,0.014290809631347656,9,"{97, 134, 295, 166, 169, 334, 110, 340, 117}"
371,94051,696,0.01887679100036621,10,"{1, 37, 166, 7, 104, 361, 242, 276, 283, 349}"
372,96781,583,0.014279603958129883,10,"{256, 224, 193, 164, 263, 206, 335, 22, 156, 222}"
373,96174,635,0.014028072357177734,9,"{224, 100, 7, 360, 331, 13, 219, 302, 283}"
374,96384,650,0.014114141464233398,9,"{140, 143, 176, 273, 18, 209, 339, 112, 316}"
375,96777,628,0.013975858688354492,11,"{227, 228, 70, 137, 362, 173, 174, 111, 342, 317, 63}"
376,96063,586,0.01624751091003418,9,"{358, 41, 266, 201, 123, 143, 59, 30, 127}"
377,95954,636,0.014347314834594727,8,"{258, 106, 266, 139, 205, 13, 342, 376}"
378,98209,757,0.016571044921875,10,"{161, 97, 327, 108, 206, 16, 50, 242, 283, 318}"
379,95910,597,0.014292240142822266,10,"{191, 194, 132, 262, 39, 329, 51, 123, 60, 31}"
380,99107,620,0.01484370231628418,9,"{128, 225, 227, 231, 113, 23, 184, 348, 189}"
381,99525,626,0.01480245590209961,10,"{132, 11, 43, 13, 212, 214, 88, 25, 155, 127}"
382,97388,591,0.014891386032104492,9,"{37, 138, 365, 143, 272, 50, 215, 316, 189}"
383,100930,683,0.015915870666503906,10,"{97, 356, 135, 200, 105, 11, 172, 306, 247, 31}"
384,100322,583,0.01665019989013672,10,"{326, 230, 76, 371, 21, 246, 125, 217, 90, 317}"
385,98513,578,0.014161348342895508,8,"{1, 98, 135, 264, 206, 245, 152, 63}"
386,101601,653,0.015587568283081055,9,"{385, 198, 104, 234, 138, 143, 211, 313, 127}"
387,101550,625,0.01462101936340332,10,"{296, 43, 189, 117, 150, 55, 185, 26, 29, 319}"
388,100813,613,0.014928579330444336,9,"{32, 134, 135, 262, 204, 83, 187, 222, 191}"
389,101659,558,0.014925718307495117,9,"{1, 162, 291, 327, 231, 9, 22, 279, 314}"
390,99477,654,0.014798402786254883,8,"{65, 106, 206, 335, 371, 245, 247, 122}"
391,102032,568,0.015025854110717773,9,"{361, 10, 329, 137, 270, 174, 279, 313, 156}"
392,99139,586,0.015590906143188477,9,"{225, 323, 103, 9, 140, 82, 310, 58, 191}"
393,102727,560,0.015475988388061523,8,"{256, 290, 287, 173, 369, 123, 63, 127}"
394,101386,638,0.014795303344726562,10,"{323, 260, 261, 358, 359, 39, 6, 296, 239, 220}"
395,105886,680,0.015346765518188477,10,"{1, 353, 196, 104, 9, 202, 376, 218, 316, 318}"
396,102479,588,0.01521921157836914,9,"{101, 266, 172, 302, 175, 143, 306, 243, 53}"
397,103189,653,0.015017032623291016,8,"{100, 390, 7, 76, 208, 369, 306, 84}"
398,104405,617,0.014923334121704102,11,"{321, 357, 335, 82, 114, 306, 342, 281, 314, 125, 126}"
399,103123,625,0.015241622924804688,10,"{164, 39, 234, 11, 77, 271, 208, 308, 249, 59}"
400,103659,802,0.015268802642822266,10,"{34, 9, 301, 219, 340, 53, 119, 59, 348, 127}"
401,103918,695,0.015622138977050781,9,"{354, 386, 230, 106, 242, 211, 345, 59, 221}"
402,105632,622,0.01540994644165039,10,"{256, 385, 34, 258, 66, 394, 234, 342, 190, 319}"
403,105502,561,0.015276670455932617,9,"{33, 68, 233, 138, 145, 216, 281, 283, 319}"
404,107760,646,0.015511751174926758,10,"{136, 10, 11, 140, 15, 83, 24, 58, 317, 94}"
405,105863,714,0.015932559967041016,9,"{296, 298, 139, 208, 401, 403, 150, 247, 59}"
406,106888,694,0.015475034713745117,9,"{3, 296, 269, 219, 399, 272, 13, 403, 59}"
407,106649,672,0.015500068664550781,10,"{70, 137, 396, 78, 51, 375, 59, 381, 30, 127}"
408,105768,721,0.015618324279785156,12,"{261, 135, 268, 77, 112, 401, 406, 248, 380, 156, 221, 30}"
409,107598,600,0.015605926513671875,10,"{407, 385, 132, 293, 324, 10, 205, 245, 23, 318}"
410,107187,615,0.015558481216430664,9,"{256, 300, 268, 15, 403, 83, 312, 187, 348}"
411,108901,593,0.015869855880737305,10,"{224, 121, 163, 138, 395, 173, 19, 340, 376, 377}"
412,106251,653,0.015696287155151367,9,"{359, 329, 138, 369, 245, 279, 253, 381, 318}"
413,108756,722,0.015877485275268555,9,"{100, 136, 11, 206, 273, 151, 381, 318, 191}"
414,110454,701,0.016312837600708008,10,"{65, 230, 264, 266, 299, 108, 50, 151, 409, 283}"
415,109997,648,0.016932964324951172,8,"{108, 205, 109, 80, 50, 406, 247, 191}"
416,109501,569,0.017558813095092773,9,"{389, 358, 102, 75, 177, 401, 56, 281, 187}"
417,109720,673,0.01602005958557129,11,"{1, 295, 297, 138, 10, 12, 368, 273, 242, 371, 126}"
418,108929,670,0.01574110984802246,8,"{168, 361, 395, 302, 400, 403, 148, 309}"
419,110045,586,0.01564502716064453,9,"{35, 351, 231, 179, 405, 342, 29, 190, 286}"
420,111679,717,0.015906810760498047,10,"{96, 228, 198, 358, 232, 169, 174, 369, 286, 63}"
421,111372,629,0.016057252883911133,10,"{34, 100, 166, 307, 151, 345, 315, 348, 183, 63}"
422,110807,661,0.016285181045532227,8,"{32, 290, 296, 138, 208, 177, 213, 53}"
423,109677,633,0.015982389450073242,9,"{129, 296, 233, 10, 395, 207, 83, 342, 351}"
424,111371,663,0.01615309715270996,10,"{382, 40, 172, 145, 87, 25, 126, 189, 62, 191}"
425,111889,692,0.016268014907836914,9,"{422, 263, 201, 139, 302, 239, 336, 371, 148}"
426,110092,641,0.016652584075927734,8,"{102, 206, 239, 29, 345, 220, 381, 191}"
427,112343,678,0.016211748123168945,10,"{353, 323, 262, 327, 234, 306, 244, 342, 248, 93}"
428,112567,644,0.016422748565673828,10,"{354, 386, 77, 127, 337, 147, 348, 186, 380, 383}"
429,112923,607,0.01627349853515625,8,"{298, 428, 81, 209, 377, 378, 348, 25}"
430,112852,587,0.016177892684936523,10,"{159, 131, 387, 261, 328, 329, 237, 334, 145, 319}"
431,113817,653,0.01658010482788086,10,"{256, 355, 231, 48, 400, 114, 247, 345, 283, 93}"
432,112856,600,0.01677560806274414,10,"{130, 197, 230, 327, 263, 393, 11, 48, 56, 252}"
433,113532,596,0.016852617263793945,9,"{121, 227, 229, 198, 230, 168, 234, 25, 155}"
434,112784,569,0.01660776138305664,9,"{128, 6, 329, 428, 400, 19, 22, 28, 286}"
435,114263,540,0.02185225486755371,9,"{352, 47, 434, 83, 52, 311, 377, 122, 190}"
436,113756,589,0.016660213470458984,11,"{258, 162, 260, 297, 268, 109, 14, 336, 54, 376, 123}"
437,116718,637,0.016671419143676758,9,"{386, 34, 396, 429, 434, 436, 119, 183, 411}"
438,113287,607,0.016666173934936523,10,"{159, 2, 74, 172, 113, 83, 279, 56, 317, 223}"
439,115488,550,0.016427993774414062,8,"{292, 110, 179, 438, 278, 123, 93, 319}"
440,118635,648,0.016689300537109375,10,"{99, 196, 422, 399, 368, 92, 56, 185, 156, 381}"
441,116927,654,0.01707148551940918,9,"{166, 232, 168, 237, 47, 210, 406, 152, 122}"
442,114922,586,0.016869306564331055,9,"{32, 385, 387, 201, 299, 333, 29, 349, 93}"
443,118405,608,0.017444372177124023,9,"{195, 324, 77, 400, 403, 371, 374, 63, 319}"
444,119391,626,0.017781972885131836,9,"{164, 357, 392, 51, 406, 439, 187, 254, 191}"
445,119931,633,0.017345666885375977,11,"{163, 390, 104, 250, 299, 234, 174, 19, 22, 218, 319}"
446,115621,636,0.016907215118408203,9,"{422, 106, 75, 395, 174, 239, 79, 50, 25}"
447,118679,671,0.017073869705200195,9,"{37, 233, 106, 301, 83, 340, 53, 403, 56}"
448,119941,602,0.017472028732299805,10,"{1, 4, 345, 234, 331, 107, 436, 438, 121, 381}"
449,119128,601,0.01690220832824707,10,"{397, 370, 51, 435, 244, 275, 284, 217, 188, 191}"
450,121890,762,0.017794132232666016,10,"{418, 258, 296, 232, 365, 301, 433, 273, 340, 376}"
451,118589,614,0.017256736755371094,9,"{225, 290, 390, 8, 201, 74, 334, 341, 59}"
452,118139,634,0.017110347747802734,11,"{259, 5, 361, 297, 364, 302, 273, 87, 378, 251, 252}"
453,117439,648,0.017130613327026367,9,"{200, 233, 234, 108, 177, 183, 152, 58, 348}"
454,120013,660,0.01738262176513672,10,"{225, 390, 331, 204, 117, 247, 120, 281, 282, 318}"
455,117846,604,0.018121719360351562,8,"{451, 228, 139, 140, 401, 371, 411, 382}"
456,120125,664,0.01730942726135254,9,"{353, 135, 113, 438, 88, 377, 123, 349, 317}"
457,122480,678,0.017272472381591797,11,"{384, 229, 11, 44, 400, 113, 401, 340, 88, 443, 381}"
458,121234,607,0.017467737197875977,10,"{256, 385, 98, 36, 138, 428, 50, 52, 220, 158}"
459,121499,571,0.019556522369384766,9,"{166, 391, 168, 232, 80, 403, 339, 183, 286}"
460,120055,643,0.018473386764526367,9,"{198, 60, 80, 148, 341, 57, 412, 25, 63}"
461,121762,771,0.017616987228393555,10,"{290, 422, 236, 177, 370, 281, 378, 187, 252, 127}"
462,122657,653,0.018573284149169922,9,"{32, 395, 300, 427, 152, 31, 381, 254, 191}"
463,121237,588,0.017477989196777344,8,"{352, 289, 422, 296, 398, 371, 84, 247}"
464,121507,680,0.01815629005432129,9,"{166, 201, 378, 117, 312, 90, 187, 31, 351}"
465,121946,648,0.017664670944213867,9,"{452, 173, 334, 176, 306, 214, 221, 58, 381}"
466,124468,634,0.017432212829589844,8,"{355, 458, 369, 83, 84, 342, 348, 127}"
467,124385,663,0.017652273178100586,10,"{327, 296, 13, 301, 146, 25, 26, 59, 286, 127}"
468,124103,613,0.024950742721557617,9,"{331, 334, 335, 144, 114, 371, 307, 59, 127}"
469,125511,588,0.018431901931762695,9,"{385, 135, 456, 9, 395, 204, 172, 403, 182}"
470,125021,592,0.01802539825439453,10,"{386, 294, 236, 239, 50, 147, 148, 309, 182, 408}"
471,124555,674,0.018110275268554688,9,"{459, 172, 239, 273, 57, 90, 443, 317, 351}"
472,124432,777,0.018054723739624023,11,"{163, 296, 299, 110, 302, 336, 53, 119, 216, 56, 30}"
473,126145,704,0.018711090087890625,9,"{32, 100, 172, 428, 48, 113, 55, 409, 382}"
474,127171,616,0.018214702606201172,9,"{96, 97, 32, 390, 234, 208, 84, 155, 61}"
475,123551,672,0.01766061782836914,9,"{164, 298, 333, 206, 237, 401, 470, 409, 191}"
476,127708,794,0.018873929977416992,13,"{101, 422, 10, 298, 299, 274, 307, 212, 53, 278, 90, 284, 255}"
477,128840,611,0.018708467483520508,9,"{424, 137, 9, 328, 303, 81, 339, 471, 63}"
478,125515,617,0.018492937088012695,10,"{3, 400, 48, 464, 182, 86, 314, 283, 126, 287}"
479,126322,596,0.018491506576538086,10,"{290, 3, 205, 174, 113, 343, 56, 185, 410, 223}"
480,127445,556,0.0189821720123291,8,"{329, 105, 463, 113, 218, 93, 190, 159}"
481,126163,512,0.025574445724487305,9,"{419, 133, 456, 264, 426, 106, 397, 439, 123}"
482,128056,617,0.018409252166748047,11,"{229, 262, 327, 102, 170, 433, 435, 406, 279, 56, 382}"
483,128644,629,0.01848125457763672,10,"{131, 332, 430, 403, 51, 436, 151, 59, 189, 223}"
484,129171,627,0.0222780704498291,8,"{258, 356, 137, 234, 300, 110, 403, 412}"
485,131090,640,0.019125938415527344,9,"{192, 225, 232, 461, 81, 273, 117, 476, 63}"
486,130330,617,0.01892876625061035,9,"{32, 223, 451, 168, 265, 176, 153, 348, 127}"
487,131836,638,0.020115137100219727,9,"{322, 105, 300, 273, 309, 22, 376, 187, 351}"
488,130486,627,0.019257545471191406,11,"{102, 198, 41, 13, 83, 243, 180, 181, 153, 59, 319}"
489,129519,566,0.0242919921875,9,"{320, 130, 232, 10, 108, 237, 442, 184, 122}"
490,134000,678,0.019084692001342773,8,"{289, 166, 138, 428, 179, 216, 25, 127}"
491,133409,565,0.018691539764404297,10,"{354, 132, 485, 357, 461, 50, 371, 405, 439, 94}"
492,131850,632,0.018865346908569336,10,"{416, 34, 130, 421, 136, 201, 434, 373, 187, 445}"
493,131054,644,0.0192873477935791,9,"{196, 231, 331, 208, 113, 342, 348, 442, 412}"
494,130945,629,0.019287824630737305,10,"{416, 224, 420, 357, 266, 48, 433, 369, 117, 187}"
495,132748,678,0.019282102584838867,9,"{40, 13, 462, 112, 53, 408, 411, 190, 223}"
496,138121,697,0.019502639770507812,11,"{319, 296, 492, 77, 303, 49, 119, 406, 279, 285, 479}"
497,134536,617,0.01938009262084961,11,"{387, 419, 101, 70, 457, 330, 400, 272, 374, 150, 313}"
498,135481,613,0.018898963928222656,10,"{223, 3, 482, 264, 296, 139, 302, 438, 23, 287}"
499,133827,570,0.019086122512817383,10,"{384, 1, 289, 68, 168, 201, 141, 498, 55, 314}"
500,133049,632,0.019196748733520508,9,"{32, 1, 97, 319, 201, 113, 247, 120, 415}"
501,135465,612,0.02028822898864746,9,"{69, 198, 335, 207, 242, 148, 374, 310, 351}"
502,134570,619,0.019194841384887695,10,"{132, 364, 172, 400, 23, 183, 248, 247, 446, 191}"
503,135312,715,0.019626140594482422,9,"{32, 296, 172, 205, 79, 340, 53, 378, 412}"
504,137328,642,0.023737192153930664,11,"{448, 480, 168, 105, 495, 434, 84, 214, 312, 28, 63}"
505,136485,658,0.019182682037353516,9,"{354, 232, 329, 462, 370, 406, 87, 317, 286}"
506,136475,605,0.021430492401123047,9,"{162, 421, 59, 14, 49, 50, 187, 220, 62}"
507,135663,615,0.019574403762817383,9,"{353, 386, 206, 143, 176, 84, 409, 282, 444}"
508,135671,643,0.02167510986328125,10,"{291, 10, 362, 491, 138, 206, 217, 91, 190, 319}"
509,135654,736,0.019373178482055664,11,"{300, 77, 206, 52, 342, 408, 377, 186, 283, 124, 383}"
510,136091,615,0.021465301513671875,10,"{197, 72, 361, 202, 493, 431, 433, 273, 436, 246}"
511,138329,703,0.02486729621887207,9,"{385, 452, 71, 137, 428, 209, 434, 502, 411}"
512,138992,590,0.019993305206298828,9,"{326, 237, 365, 431, 272, 112, 215, 123, 60}"
513,138587,693,0.01936030387878418,10,"{198, 455, 38, 459, 13, 77, 110, 49, 281, 383}"
514,136286,592,0.020480871200561523,9,"{97, 455, 487, 301, 142, 53, 469, 409, 286}"
515,138091,607,0.019707679748535156,9,"{99, 292, 296, 306, 20, 376, 219, 29, 286}"
516,139103,720,0.02005624771118164,10,"{457, 458, 491, 108, 361, 80, 148, 408, 316, 318}"
517,138052,624,0.01978778839111328,9,"{225, 421, 263, 200, 110, 207, 302, 50, 503}"
518,138729,668,0.020017385482788086,9,"{258, 451, 263, 9, 494, 239, 434, 498, 150}"
519,139651,669,0.019902706146240234,10,"{258, 297, 12, 431, 433, 113, 273, 184, 345, 253}"
520,139868,685,0.01989006996154785,10,"{416, 454, 8, 176, 81, 371, 341, 117, 409, 314}"
521,140293,771,0.020122051239013672,10,"{256, 354, 421, 234, 106, 109, 501, 23, 216, 378}"
522,140178,680,0.020093202590942383,11,"{35, 131, 195, 106, 459, 494, 179, 275, 115, 248, 31}"
523,142447,662,0.020835161209106445,9,"{227, 488, 361, 138, 494, 403, 500, 149, 25}"
524,140873,691,0.020421266555786133,9,"{225, 196, 135, 104, 340, 309, 23, 311, 190}"
525,145143,636,0.020745038986206055,10,"{96, 350, 100, 197, 302, 245, 283, 222, 414, 383}"
526,142354,638,0.020153045654296875,10,"{512, 66, 296, 169, 104, 205, 174, 119, 217, 475}"
527,142832,760,0.020557641983032227,11,"{353, 376, 421, 77, 370, 341, 502, 23, 277, 245, 154}"
528,143750,696,0.020277976989746094,11,"{353, 202, 12, 108, 369, 437, 53, 151, 472, 409, 247}"
529,141974,580,0.021274328231811523,9,"{98, 162, 488, 397, 430, 433, 248, 508, 191}"
530,143198,563,0.020372867584228516,10,"{4, 198, 519, 330, 241, 178, 499, 436, 406, 408}"
531,145628,678,0.020915985107421875,8,"{96, 462, 216, 121, 314, 411, 316, 127}"
532,146701,617,0.020442485809326172,9,"{323, 196, 59, 48, 283, 308, 374, 505, 187}"
533,143850,679,0.020840883255004883,10,"{519, 298, 522, 397, 79, 177, 242, 273, 22, 252}"
534,141345,608,0.021375417709350586,10,"{163, 457, 427, 77, 399, 242, 339, 82, 30, 63}"
535,143803,631,0.020815134048461914,9,"{99, 485, 137, 300, 13, 108, 431, 398, 509}"
536,146619,734,0.020966768264770508,11,"{390, 7, 520, 231, 44, 239, 403, 180, 471, 185, 158}"
537,146330,569,0.020975828170776367,10,"{161, 131, 326, 186, 105, 139, 43, 335, 185, 378}"
538,143920,597,0.02116537094116211,9,"{40, 489, 109, 77, 429, 399, 525, 218, 191}"
539,149259,650,0.020735979080200195,11,"{386, 259, 228, 200, 523, 205, 526, 345, 58, 507, 63}"
540,146878,776,0.021089792251586914,11,"{416, 483, 420, 393, 13, 498, 53, 117, 311, 152, 411}"
541,148755,655,0.021196603775024414,9,"{96, 200, 265, 140, 494, 49, 214, 59, 189}"
542,147571,617,0.020720958709716797,10,"{448, 293, 136, 268, 237, 205, 209, 217, 507, 382}"
543,143426,643,0.02164292335510254,10,"{66, 69, 281, 232, 331, 428, 13, 109, 145, 121}"
544,145993,647,0.027865886688232422,10,"{130, 483, 70, 137, 495, 115, 23, 314, 123, 287}"
545,148000,675,0.023953914642333984,9,"{352, 451, 249, 232, 137, 461, 527, 51, 409}"
546,148024,660,0.020804166793823242,10,"{478, 262, 520, 143, 438, 535, 505, 380, 222, 191}"
547,145382,596,0.02078104019165039,9,"{353, 99, 137, 110, 148, 85, 245, 214, 126}"
548,147231,694,0.021825313568115234,11,"{165, 230, 122, 172, 300, 174, 433, 244, 376, 186, 29}"
549,147198,610,0.02184128761291504,9,"{257, 323, 487, 428, 464, 536, 379, 316, 319}"
550,146403,643,0.021663188934326172,9,"{1, 386, 487, 232, 140, 397, 111, 317, 319}"
551,149954,635,0.021326541900634766,9,"{70, 295, 520, 206, 273, 533, 55, 311, 317}"
552,149152,804,0.02169632911682129,10,"{128, 32, 547, 230, 330, 139, 300, 494, 501, 56}"
553,148951,624,0.0216367244720459,10,"{0, 229, 453, 361, 76, 301, 176, 342, 250, 283}"
554,148360,656,0.02145099639892578,11,"{452, 140, 460, 236, 527, 398, 49, 86, 374, 376, 314}"
555,151627,677,0.02158975601196289,10,"{451, 164, 232, 553, 458, 365, 494, 185, 187, 284}"
556,150828,647,0.023682832717895508,10,"{101, 423, 555, 236, 143, 370, 499, 469, 406, 53}"
557,150840,734,0.022066593170166016,10,"{512, 101, 542, 361, 106, 108, 333, 468, 281, 222}"
558,149547,599,0.021752119064331055,10,"{41, 361, 73, 13, 112, 215, 376, 409, 282, 253}"
559,148815,584,0.02167987823486328,9,"{97, 174, 16, 401, 369, 341, 534, 469, 59}"
560,153820,791,0.021923303604125977,10,"{549, 201, 10, 554, 140, 529, 20, 439, 378, 446}"
561,149185,604,0.021538972854614258,9,"{34, 263, 487, 395, 331, 302, 142, 80, 498}"
562,150752,567,0.022376060485839844,10,"{358, 169, 394, 44, 462, 143, 273, 308, 443, 284}"
563,154114,690,0.023235082626342773,11,"{352, 68, 133, 422, 392, 137, 237, 463, 277, 314, 412}"
564,152354,580,0.02367115020751953,10,"{264, 170, 42, 525, 529, 115, 84, 148, 409, 31}"
565,151650,674,0.021914958953857422,10,"{290, 425, 395, 236, 76, 367, 274, 247, 56, 507}"
566,155361,664,0.022228002548217773,10,"{97, 3, 324, 200, 169, 210, 468, 53, 507, 478}"
567,155323,639,0.02197885513305664,10,"{121, 3, 197, 555, 176, 275, 469, 375, 313, 127}"
568,154805,622,0.02240586280822754,10,"{320, 225, 164, 459, 397, 206, 400, 81, 49, 31}"
569,152597,613,0.021780014038085938,10,"{326, 7, 168, 302, 113, 337, 83, 564, 403, 255}"
570,158706,704,0.022172212600708008,10,"{385, 166, 10, 235, 139, 301, 500, 471, 24, 538}"
571,157757,620,0.02277207374572754,9,"{1, 130, 428, 237, 301, 143, 406, 215, 216}"
572,154368,590,0.02265477180480957,11,"{354, 258, 484, 227, 231, 138, 395, 559, 432, 561, 478}"
573,158954,681,0.02224874496459961,10,"{65, 325, 234, 555, 110, 49, 83, 536, 314, 318}"
574,155738,570,0.022765159606933594,10,"{96, 258, 494, 270, 208, 81, 497, 146, 310, 123}"
575,156331,632,0.021945476531982422,9,"{488, 297, 172, 269, 430, 335, 177, 86, 218}"
576,154321,657,0.021810054779052734,9,"{225, 37, 106, 203, 205, 179, 189, 317, 127}"
577,156029,602,0.02223968505859375,10,"{166, 7, 390, 267, 80, 402, 309, 442, 316, 319}"
578,157717,609,0.024806737899780273,10,"{260, 361, 10, 556, 174, 463, 213, 477, 126, 479}"
579,156159,668,0.02226114273071289,9,"{577, 387, 323, 422, 558, 498, 348, 247, 220}"
580,157818,673,0.02287578582763672,9,"{1, 69, 172, 273, 178, 403, 177, 563, 23}"
581,158930,737,0.022422075271606445,10,"{422, 440, 300, 529, 83, 180, 435, 405, 312, 314}"
582,158713,651,0.022213459014892578,11,"{234, 429, 174, 15, 493, 401, 531, 116, 83, 250, 351}"
583,159030,704,0.02297043800354004,9,"{132, 516, 13, 77, 562, 281, 59, 189, 127}"
584,159525,631,0.0265200138092041,10,"{318, 388, 71, 104, 457, 335, 370, 344, 378, 478}"
585,160252,666,0.023328065872192383,11,"{481, 450, 162, 516, 545, 3, 463, 533, 183, 152, 507}"
586,157529,712,0.022971630096435547,11,"{385, 130, 580, 421, 198, 454, 173, 334, 561, 184, 56}"
587,160552,609,0.02344369888305664,11,"{352, 35, 568, 332, 109, 237, 241, 499, 376, 122, 574}"
588,162576,650,0.023041248321533203,11,"{65, 135, 138, 268, 525, 529, 115, 468, 55, 282, 347}"
589,162344,676,0.02309560775756836,10,"{578, 446, 38, 166, 84, 25, 58, 155, 317, 542}"
590,162381,646,0.025149106979370117,10,"{325, 199, 488, 77, 273, 500, 246, 87, 440, 59}"
591,162382,661,0.02326226234436035,11,"{164, 422, 392, 235, 110, 111, 307, 277, 119, 281, 252}"
592,158462,676,0.022902965545654297,9,"{161, 323, 484, 134, 7, 201, 172, 141, 411}"
593,162711,686,0.023821353912353516,8,"{198, 520, 200, 106, 296, 112, 400, 86}"
594,162836,686,0.023169994354248047,9,"{291, 298, 10, 398, 401, 369, 501, 312, 93}"
595,163387,755,0.023215532302856445,11,"{288, 451, 281, 134, 458, 10, 588, 471, 249, 314, 508}"
596,162939,661,0.023371219635009766,10,"{580, 293, 351, 456, 463, 239, 210, 498, 84, 159}"
597,164006,614,0.023072242736816406,8,"{258, 363, 461, 77, 15, 525, 438, 406}"
598,164397,673,0.023010969161987305,10,"{228, 69, 106, 463, 143, 406, 535, 506, 190, 318}"
599,166404,607,0.023154258728027344,11,"{1, 262, 39, 154, 366, 208, 401, 240, 148, 442, 541}"
600,161113,594,0.023425817489624023,9,"{353, 421, 102, 39, 167, 214, 25, 378, 284}"
601,163578,576,0.0235445499420166,9,"{354, 130, 421, 274, 595, 403, 283, 157, 351}"
602,163266,666,0.02349853515625,9,"{4, 457, 237, 525, 208, 595, 309, 214, 283}"
603,167401,625,0.023087501525878906,10,"{1, 101, 488, 555, 334, 434, 149, 87, 442, 220}"
604,164808,668,0.026398897171020508,10,"{546, 140, 13, 398, 239, 144, 80, 339, 468, 602}"
605,164794,672,0.023431062698364258,9,"{34, 201, 461, 493, 176, 404, 348, 440, 60}"
606,164510,612,0.02404642105102539,10,"{71, 200, 361, 490, 555, 272, 81, 403, 567, 186}"
607,167339,701,0.024628639221191406,10,"{354, 578, 487, 201, 458, 46, 50, 242, 378, 158}"
608,167353,609,0.02341604232788086,10,"{229, 421, 7, 43, 368, 17, 498, 152, 58, 220}"
609,168750,654,0.023223876953125,11,"{257, 40, 491, 300, 77, 334, 431, 18, 408, 441, 511}"
610,167599,776,0.023705720901489258,12,"{3, 388, 503, 457, 496, 272, 435, 309, 502, 247, 184, 189}"
611,169095,639,0.023757457733154297,10,"{262, 424, 554, 13, 526, 335, 272, 597, 121, 157}"
612,171670,725,0.024433612823486328,10,"{256, 421, 9, 201, 438, 599, 88, 214, 22, 63}"
613,165821,652,0.02401256561279297,9,"{484, 234, 461, 530, 563, 501, 374, 601, 155}"
614,169972,677,0.0240628719329834,11,"{547, 262, 327, 456, 329, 551, 427, 108, 15, 381, 542}"
615,169759,638,0.02494049072265625,10,"{579, 363, 459, 563, 189, 157, 343, 214, 283, 381}"
616,171446,617,0.02437615394592285,9,"{100, 230, 457, 139, 300, 142, 498, 57, 59}"
617,169236,750,0.024388790130615234,11,"{226, 355, 555, 206, 368, 435, 281, 123, 317, 542, 127}"
618,173870,771,0.024079561233520508,11,"{578, 162, 616, 394, 267, 300, 237, 378, 403, 506, 476}"
619,173273,663,0.02382969856262207,11,"{512, 225, 162, 259, 197, 421, 234, 398, 466, 371, 157}"
620,168343,681,0.02418231964111328,9,"{513, 299, 336, 273, 339, 119, 311, 152, 348}"
621,170266,634,0.024119853973388672,11,"{160, 578, 452, 458, 299, 588, 396, 398, 366, 378, 251}"
622,170790,648,0.024829387664794922,10,"{99, 164, 328, 591, 339, 501, 119, 507, 375, 351}"
623,172451,702,0.023935794830322266,10,"{71, 296, 233, 555, 301, 591, 335, 84, 541, 63}"
624,171125,652,0.02393627166748047,11,"{610, 131, 66, 549, 168, 489, 461, 239, 338, 406, 409}"
625,172138,619,0.025246143341064453,9,"{513, 549, 585, 106, 396, 371, 278, 247, 285}"
626,171736,691,0.024257421493530273,11,"{393, 555, 621, 594, 562, 212, 502, 150, 152, 219, 287}"
627,175772,588,0.02952408790588379,9,"{516, 458, 141, 398, 529, 563, 85, 93, 382}"
628,176568,629,0.024391651153564453,11,"{224, 577, 387, 323, 199, 237, 14, 334, 181, 568, 283}"
629,176021,659,0.024459362030029297,9,"{580, 281, 135, 168, 368, 145, 248, 409, 187}"
630,173056,688,0.02524709701538086,10,"{224, 516, 588, 442, 209, 371, 311, 409, 250, 443}"
631,172634,627,0.024665355682373047,10,"{248, 504, 554, 202, 15, 177, 56, 378, 187, 126}"
632,175939,704,0.03253316879272461,9,"{224, 225, 599, 137, 205, 51, 468, 471, 217}"
633,174619,792,0.02435898780822754,11,"{544, 35, 196, 452, 580, 493, 430, 595, 411, 60, 542}"
634,175551,708,0.024498939514160156,11,"{96, 257, 130, 226, 290, 233, 201, 48, 123, 252, 349}"
635,173020,699,0.024734973907470703,9,"{512, 162, 130, 547, 520, 363, 44, 395, 468}"
636,175083,677,0.02564263343811035,9,"{198, 487, 168, 38, 554, 113, 562, 282, 541}"
637,178352,692,0.026943445205688477,10,"{262, 201, 203, 236, 237, 148, 309, 123, 60, 317}"
638,174246,672,0.02651214599609375,11,"{544, 552, 425, 237, 622, 111, 272, 525, 501, 635, 287}"
639,177443,650,0.026117801666259766,12,"{320, 544, 419, 35, 37, 454, 638, 11, 434, 283, 413, 382}"
640,175779,702,0.025300264358520508,9,"{608, 549, 198, 494, 433, 17, 56, 187, 29}"
641,178254,626,0.02518177032470703,10,"{224, 193, 262, 494, 180, 438, 471, 187, 541, 350}"
642,174242,696,0.024381399154663086,10,"{65, 38, 461, 435, 596, 246, 376, 314, 381, 127}"
643,179538,675,0.02890467643737793,9,"{9, 331, 588, 396, 112, 53, 601, 218, 27}"
644,184354,735,0.026437997817993164,10,"{609, 331, 145, 209, 434, 468, 23, 55, 606, 127}"
645,179029,680,0.025471925735473633,10,"{386, 259, 100, 425, 201, 303, 274, 339, 500, 438}"
646,178416,633,0.024619579315185547,10,"{33, 258, 133, 70, 457, 145, 371, 23, 413, 478}"
647,176807,703,0.025638341903686523,10,"{98, 291, 422, 40, 401, 341, 502, 311, 58, 574}"
648,180041,701,0.025492429733276367,9,"{541, 230, 519, 10, 369, 306, 93, 156, 221}"
649,179143,621,0.025529146194458008,9,"{195, 486, 231, 440, 300, 56, 313, 218, 604}"
650,179154,655,0.03237104415893555,10,"{582, 440, 266, 618, 206, 591, 401, 472, 505, 286}"
651,180373,857,0.0250241756439209,11,"{386, 390, 265, 430, 272, 369, 50, 147, 500, 123, 348}"
652,180779,671,0.02530050277709961,12,"{448, 33, 547, 395, 524, 461, 526, 112, 51, 380, 28, 29}"
653,184942,694,0.02549123764038086,13,"{608, 193, 324, 420, 583, 493, 28, 111, 464, 593, 22, 86, 284}"
654,181911,692,0.025837182998657227,10,"{517, 582, 616, 232, 425, 619, 463, 431, 372, 148}"
655,182736,643,0.025281667709350586,10,"{513, 258, 421, 555, 206, 464, 48, 627, 309, 318}"
656,184987,649,0.025442123413085938,10,"{364, 654, 142, 242, 596, 117, 504, 314, 411, 29}"
657,180182,634,0.025574445724487305,11,"{483, 230, 200, 9, 584, 332, 461, 495, 627, 56, 410}"
658,183653,655,0.02625417709350586,10,"{226, 547, 488, 424, 399, 48, 180, 597, 381, 191}"
659,182974,668,0.029949426651000977,9,"{549, 393, 619, 172, 208, 337, 468, 217, 123}"
660,179969,701,0.025402307510375977,11,"{130, 615, 455, 169, 265, 107, 300, 168, 309, 312, 220}"
661,185471,684,0.026882648468017578,10,"{224, 225, 384, 99, 484, 529, 177, 179, 51, 600}"
662,184533,689,0.026278972625732422,11,"{161, 453, 519, 457, 377, 619, 361, 336, 409, 478, 447}"
663,186071,673,0.02573704719543457,10,"{65, 386, 550, 396, 589, 369, 594, 307, 410, 127}"
664,179390,620,0.02579808235168457,10,"{513, 578, 38, 104, 395, 464, 247, 376, 188, 574}"
665,186510,680,0.025878190994262695,11,"{32, 289, 643, 648, 106, 523, 14, 52, 86, 55, 411}"
666,185217,577,0.02605915069580078,10,"{64, 66, 550, 329, 43, 238, 273, 535, 411, 604}"
667,186682,639,0.026081085205078125,11,"{483, 611, 9, 12, 302, 335, 466, 50, 596, 309, 183}"
668,183592,678,0.025457382202148438,10,"{516, 6, 551, 648, 136, 409, 262, 526, 25, 93}"
669,184999,670,0.026151418685913086,10,"{513, 326, 582, 424, 209, 434, 314, 123, 637, 415}"
670,186336,629,0.026272058486938477,11,"{548, 390, 168, 427, 267, 653, 371, 531, 247, 92, 343}"
671,186217,635,0.02590012550354004,11,"{68, 40, 525, 334, 82, 52, 569, 219, 573, 25, 351}"
672,190043,672,0.025975465774536133,11,"{69, 42, 140, 369, 18, 340, 214, 91, 252, 541, 447}"
673,192209,759,0.026884078979492188,11,"{354, 164, 200, 555, 619, 527, 432, 668, 253, 190, 383}"
674,184813,634,0.027366161346435547,10,"{613, 140, 588, 462, 79, 304, 434, 661, 88, 91}"
675,187770,667,0.0267333984375,11,"{673, 194, 453, 613, 135, 485, 458, 523, 301, 86, 218}"
676,187041,599,0.032016754150390625,10,"{169, 331, 301, 176, 242, 499, 531, 213, 54, 62}"
677,190263,766,0.026514768600463867,11,"{162, 535, 36, 588, 206, 176, 180, 662, 471, 637, 607}"
678,187197,664,0.027165889739990234,11,"{355, 3, 293, 230, 458, 171, 525, 622, 466, 508, 191}"
679,188235,627,0.026470184326171875,10,"{554, 43, 239, 371, 116, 56, 665, 442, 539, 542}"
680,191095,706,0.02628159523010254,10,"{547, 647, 329, 234, 10, 210, 339, 341, 213, 93}"
681,186267,635,0.02646160125732422,9,"{454, 455, 168, 584, 530, 435, 86, 601, 443}"
682,191535,634,0.029300928115844727,9,"{96, 451, 356, 296, 361, 171, 236, 242, 414}"
683,185372,714,0.028537750244140625,11,"{65, 100, 37, 197, 299, 268, 493, 334, 440, 665, 410}"
684,190261,632,0.026429414749145508,10,"{449, 323, 359, 520, 200, 205, 251, 624, 314, 507}"
685,192096,656,0.02687692642211914,11,"{544, 609, 610, 393, 138, 618, 50, 84, 248, 90, 252}"
686,193409,675,0.029845714569091797,9,"{131, 547, 200, 601, 371, 468, 25, 412, 447}"
687,196937,674,0.03141021728515625,13,"{451, 70, 395, 365, 109, 590, 335, 176, 467, 116, 19, 183, 381}"
688,188694,779,0.0265200138092041,10,"{265, 458, 554, 492, 234, 369, 563, 376, 668, 606}"
689,191574,690,0.02723073959350586,10,"{321, 33, 4, 196, 676, 168, 361, 298, 459, 152}"
690,189762,644,0.02768993377685547,10,"{96, 138, 47, 81, 242, 23, 153, 219, 158, 63}"
691,192335,726,0.02685236930847168,12,"{65, 354, 580, 454, 679, 620, 652, 273, 118, 664, 187, 28}"
692,190324,651,0.0269472599029541,9,"{257, 454, 619, 13, 687, 497, 500, 281, 58}"
693,193811,760,0.026459932327270508,10,"{288, 550, 459, 623, 309, 23, 409, 506, 123, 127}"
694,193725,783,0.027163982391357422,10,"{168, 108, 461, 302, 687, 396, 177, 243, 278, 667}"
695,196280,630,0.02671527862548828,9,"{544, 5, 422, 296, 426, 235, 76, 624, 531}"
696,192377,632,0.026522159576416016,11,"{260, 199, 520, 559, 273, 625, 661, 247, 441, 188, 604}"
697,193039,669,0.026950597763061523,10,"{296, 72, 680, 171, 273, 179, 55, 505, 316, 606}"
698,192366,679,0.027344703674316406,10,"{541, 388, 422, 297, 494, 371, 150, 152, 349, 382}"
699,196235,662,0.02756190299987793,10,"{608, 354, 546, 260, 395, 364, 272, 150, 666, 605}"
700,188073,584,0.027124881744384766,10,"{32, 70, 359, 170, 140, 625, 471, 280, 283, 605}"
701,195190,630,0.02786731719970703,10,"{96, 36, 101, 679, 201, 76, 30, 216, 381, 62}"
702,196356,694,0.02808547019958496,9,"{104, 574, 296, 395, 685, 369, 55, 283, 286}"
703,195873,717,0.027220726013183594,11,"{323, 293, 70, 263, 186, 73, 299, 172, 242, 531, 218}"
704,198451,633,0.027594327926635742,11,"{414, 229, 581, 40, 588, 334, 628, 629, 373, 345, 478}"
705,199681,624,0.029250621795654297,9,"{673, 167, 616, 554, 619, 44, 83, 503, 25}"
706,199671,797,0.0280148983001709,11,"{97, 551, 650, 557, 494, 47, 671, 273, 594, 56, 415}"
707,200596,619,0.028623104095458984,9,"{512, 225, 673, 674, 100, 519, 20, 628, 604}"
708,196780,763,0.027661561965942383,10,"{96, 323, 580, 678, 135, 527, 529, 282, 667, 671}"
709,194275,634,0.029953718185424805,10,"{64, 580, 298, 331, 687, 272, 81, 84, 407, 25}"
710,199440,639,0.03007364273071289,11,"{289, 360, 619, 44, 557, 335, 177, 564, 469, 214, 253}"
711,193593,658,0.028395891189575195,9,"{544, 458, 108, 177, 369, 81, 209, 570, 479}"
712,200007,664,0.028665781021118164,11,"{290, 296, 620, 271, 529, 433, 593, 472, 569, 26, 476}"
713,201253,634,0.027569293975830078,9,"{385, 580, 6, 232, 329, 712, 123, 668, 541}"
714,196839,701,0.031684160232543945,10,"{578, 396, 302, 174, 601, 211, 119, 153, 699, 316}"
715,201998,663,0.028262853622436523,10,"{358, 296, 9, 396, 653, 142, 274, 22, 503, 152}"
716,203884,736,0.029084205627441406,10,"{35, 549, 486, 647, 300, 237, 588, 214, 604, 127}"
717,199988,739,0.028215408325195312,11,"{232, 457, 10, 495, 82, 468, 501, 502, 503, 408, 379}"
718,202778,700,0.04288625717163086,11,"{288, 417, 130, 610, 642, 139, 77, 399, 242, 436, 693}"
719,201339,710,0.02795577049255371,9,"{96, 544, 608, 451, 358, 10, 272, 274, 25}"
720,200677,686,0.03560185432434082,11,"{417, 164, 133, 582, 615, 422, 525, 575, 465, 123, 31}"
721,200898,743,0.03044605255126953,11,"{355, 613, 136, 168, 490, 266, 459, 76, 283, 179, 571}"
722,201282,652,0.03024744987487793,9,"{8, 458, 235, 172, 109, 594, 83, 86, 538}"
723,202883,717,0.03087162971496582,9,"{80, 209, 148, 53, 84, 505, 187, 316, 63}"
724,203164,659,0.028905391693115234,10,"{37, 101, 620, 236, 538, 83, 602, 535, 570, 123}"
725,202798,675,0.02835369110107422,11,"{160, 198, 7, 519, 17, 530, 466, 53, 341, 406, 63}"
726,203208,779,0.03598594665527344,11,"{514, 323, 325, 530, 563, 148, 532, 340, 601, 90, 63}"
727,203848,698,0.02823042869567871,11,"{547, 420, 573, 351, 615, 204, 493, 624, 20, 509, 63}"
728,206102,659,0.02939581871032715,9,"{494, 562, 563, 443, 119, 666, 123, 604, 446}"
729,203766,635,0.02835536003112793,9,"{226, 709, 714, 76, 401, 151, 345, 122, 63}"
730,205629,659,0.028617382049560547,10,"{97, 482, 451, 582, 455, 40, 171, 12, 459, 370}"
731,208122,630,0.029993772506713867,10,"{1, 578, 457, 108, 269, 335, 178, 306, 442, 222}"
732,207596,776,0.03560924530029297,11,"{162, 130, 103, 329, 459, 588, 176, 402, 629, 535, 411}"
733,203428,735,0.029529333114624023,9,"{128, 257, 610, 361, 687, 50, 468, 538, 191}"
734,204525,755,0.031039953231811523,11,"{613, 549, 650, 205, 461, 241, 275, 278, 439, 662, 733}"
735,208794,718,0.030869483947753906,12,"{33, 420, 583, 329, 522, 239, 145, 500, 342, 220, 190, 95}"
736,208391,628,0.02877068519592285,9,"{226, 260, 408, 235, 403, 502, 376, 281, 381}"
737,208794,740,0.02971935272216797,11,"{705, 711, 170, 554, 331, 463, 657, 723, 569, 124, 191}"
738,211725,717,0.02936863899230957,10,"{546, 6, 555, 716, 364, 462, 430, 721, 56, 58}"
739,207364,793,0.028196334838867188,11,"{162, 451, 547, 549, 168, 586, 77, 506, 570, 311, 698}"
740,208124,698,0.0406651496887207,10,"{705, 700, 709, 459, 431, 335, 371, 279, 219, 668}"
741,209738,704,0.029118061065673828,11,"{199, 329, 649, 235, 237, 717, 400, 433, 214, 57, 381}"
742,209792,722,0.02993154525756836,10,"{615, 7, 236, 110, 527, 83, 340, 213, 733, 607}"
743,210611,673,0.02976202964782715,9,"{422, 554, 395, 207, 369, 531, 441, 412, 573}"
744,211063,713,0.028988122940063477,11,"{732, 408, 42, 235, 172, 588, 109, 209, 148, 248, 668}"
745,208851,698,0.030972719192504883,9,"{423, 619, 172, 588, 689, 179, 84, 599, 381}"
746,213033,713,0.02996063232421875,11,"{224, 578, 580, 201, 79, 208, 433, 690, 438, 666, 603}"
747,216417,764,0.030054092407226562,11,"{513, 451, 646, 584, 493, 272, 595, 501, 217, 317, 222}"
748,209644,774,0.02961564064025879,10,"{708, 102, 584, 555, 664, 657, 152, 248, 93, 479}"
749,214093,652,0.028829574584960938,11,"{224, 164, 742, 425, 714, 332, 333, 212, 699, 252, 29}"
750,212432,714,0.029115915298461914,11,"{513, 550, 44, 236, 624, 381, 597, 729, 666, 317, 542}"
751,213825,766,0.029944419860839844,10,"{547, 451, 742, 43, 493, 562, 532, 667, 189, 479}"
752,213272,726,0.03066229820251465,10,"{64, 642, 583, 8, 106, 302, 751, 535, 56, 218}"
753,215417,674,0.03169083595275879,9,"{383, 42, 109, 593, 273, 500, 411, 573, 351}"
754,212672,764,0.03229928016662598,10,"{354, 3, 323, 645, 265, 588, 205, 538, 412, 381}"
755,211220,742,0.030498266220092773,10,"{576, 545, 174, 431, 593, 211, 371, 538, 348, 63}"
756,211822,628,0.02913975715637207,9,"{65, 323, 739, 228, 198, 451, 327, 473, 733}"
757,212644,729,0.03007221221923828,10,"{576, 416, 707, 40, 463, 401, 433, 499, 668, 63}"
758,214729,664,0.029677629470825195,11,"{516, 135, 488, 649, 250, 650, 145, 469, 538, 507, 124}"
759,216372,660,0.02927565574645996,10,"{487, 172, 664, 275, 149, 213, 599, 214, 342, 575}"
760,217162,594,0.029592514038085938,10,"{739, 548, 137, 300, 13, 430, 558, 274, 633, 284}"
761,215646,728,0.031624555587768555,9,"{224, 642, 451, 76, 463, 208, 530, 148, 86}"
762,215142,669,0.031020641326904297,12,"{740, 644, 329, 555, 174, 654, 399, 156, 371, 185, 443, 732}"
763,215366,687,0.030115604400634766,11,"{264, 76, 15, 209, 369, 531, 566, 567, 761, 58, 247}"
764,219352,674,0.03024744987487793,11,"{608, 422, 201, 138, 202, 51, 532, 245, 248, 701, 255}"
765,213959,735,0.029747486114501953,10,"{451, 324, 235, 171, 63, 629, 538, 220, 349, 127}"
766,217469,781,0.02948784828186035,11,"{640, 353, 547, 518, 40, 106, 461, 399, 720, 50, 438}"
767,215612,667,0.030586719512939453,9,"{258, 3, 296, 530, 339, 242, 212, 537, 698}"
768,216165,751,0.030277013778686523,10,"{354, 547, 613, 198, 555, 400, 86, 153, 411, 415}"
769,217923,647,0.029727458953857422,10,"{96, 26, 135, 555, 620, 397, 564, 440, 633, 538}"
770,215413,679,0.0306246280670166,11,"{676, 357, 298, 330, 77, 751, 80, 279, 120, 249, 219}"
771,219632,690,0.030120134353637695,10,"{96, 642, 676, 455, 591, 624, 245, 310, 119, 671}"
772,222157,674,0.029671192169189453,10,"{645, 486, 745, 554, 714, 237, 17, 433, 563, 378}"
773,217630,733,0.02961254119873047,10,"{451, 298, 715, 462, 306, 499, 502, 698, 443, 445}"
774,221687,770,0.031328439712524414,11,"{705, 677, 38, 710, 293, 554, 759, 172, 20, 247, 314}"
775,218510,648,0.03243422508239746,11,"{96, 673, 712, 108, 525, 109, 396, 400, 80, 469, 250}"
776,218215,729,0.030753135681152344,10,"{256, 323, 198, 331, 76, 205, 81, 339, 501, 767}"
777,216825,650,0.030586957931518555,10,"{353, 194, 40, 366, 208, 630, 536, 59, 220, 190}"
778,215413,623,0.03141498565673828,11,"{288, 96, 739, 230, 394, 523, 554, 208, 20, 276, 698}"
779,224260,692,0.030264854431152344,11,"{705, 453, 10, 747, 652, 655, 625, 500, 182, 408, 383}"
780,218831,702,0.03249692916870117,11,"{544, 261, 422, 779, 275, 211, 533, 438, 247, 92, 93}"
781,221977,682,0.030976295471191406,10,"{676, 615, 328, 487, 519, 76, 399, 81, 733, 126}"
782,221586,722,0.031002283096313477,9,"{578, 361, 536, 206, 494, 272, 497, 152, 478}"
783,221893,711,0.030980348587036133,10,"{224, 488, 714, 462, 495, 500, 148, 567, 187, 220}"
784,220302,653,0.031378984451293945,11,"{451, 739, 326, 551, 42, 269, 624, 411, 637, 286, 287}"
785,223988,768,0.031203269958496094,11,"{608, 261, 478, 9, 396, 140, 237, 591, 305, 220, 606}"
786,221079,813,0.03141188621520996,10,"{549, 519, 138, 141, 302, 335, 112, 400, 500, 345}"
787,224761,744,0.032753705978393555,10,"{771, 765, 714, 555, 717, 239, 753, 247, 253, 351}"
788,221051,722,0.030062437057495117,10,"{706, 739, 516, 549, 774, 742, 268, 334, 751, 309}"
789,221074,731,0.030857563018798828,10,"{710, 424, 209, 369, 276, 374, 152, 665, 667, 573}"
790,224570,802,0.038924455642700195,11,"{328, 168, 778, 332, 462, 719, 112, 500, 441, 348, 286}"
791,228700,644,0.031081438064575195,10,"{1, 137, 11, 748, 44, 300, 209, 21, 698, 475}"
792,222339,706,0.03116464614868164,10,"{578, 355, 520, 361, 621, 365, 369, 246, 252, 191}"
793,225396,654,0.03198575973510742,12,"{32, 228, 421, 103, 777, 425, 138, 684, 619, 718, 180, 245}"
794,222721,664,0.03203082084655762,10,"{96, 709, 523, 11, 46, 656, 403, 468, 342, 606}"
795,222517,725,0.03285503387451172,11,"{480, 225, 164, 388, 6, 200, 618, 691, 406, 313, 316}"
796,226207,659,0.044863224029541016,10,"{454, 138, 140, 272, 178, 724, 84, 412, 509, 222}"
797,223529,643,0.03318929672241211,11,"{3, 452, 711, 584, 555, 109, 526, 496, 313, 474, 31}"
798,225646,769,0.034586429595947266,12,"{672, 547, 36, 230, 135, 7, 551, 10, 303, 313, 158, 63}"
799,226698,676,0.03163266181945801,10,"{678, 519, 204, 657, 498, 406, 665, 410, 667, 316}"
800,224481,651,0.031140565872192383,10,"{769, 100, 649, 784, 499, 628, 87, 664, 475, 798}"
