Node Count,Number of Operations,Total Weight,Execution Time (seconds),Solution
1,2,15,0.0,{0}
2,4,15,0.0,{0}
3,9,86,0.0,"{1, 2}"
4,12,88,0.0,"{0, 3}"
5,18,159,0.0,"{1, 2, 3}"
6,22,106,0.0,"{1, 2, 4}"
7,26,145,0.0,"{1, 3, 4}"
8,28,38,0.0,"{0, 5}"
9,35,150,0.0,"{0, 3, 6}"
10,40,127,0.0,"{0, 8, 7}"
11,45,127,0.0,"{0, 8, 7}"
12,50,140,0.0,"{0, 9, 6}"
13,57,236,0.0,"{8, 10, 12, 6}"
14,64,285,0.0,"{6, 8, 11, 12, 13}"
15,67,288,0.0,"{9, 13, 6, 7}"
16,72,325,0.0,"{10, 13, 6, 7}"
17,82,195,0.0,"{4, 5, 11, 14, 15, 16}"
18,88,304,0.0,"{5, 9, 11, 12, 13, 14}"
19,89,227,0.0,"{10, 4, 14, 7}"
20,99,181,0.0,"{3, 4, 8, 17, 18, 19}"
21,105,263,0.0,"{4, 6, 8, 9, 11, 19}"
22,109,247,0.0,"{3, 4, 6, 7, 16}"
23,113,171,0.0,"{19, 9, 3, 0}"
24,123,262,0.0,"{0, 3, 6, 7, 16, 18}"
25,125,181,0.0,"{19, 17, 3, 22}"
26,135,315,0.0,"{3, 5, 9, 15, 19, 25}"
27,139,181,0.0,"{3, 5, 15, 18, 19}"
28,147,288,0.0009999275207519531,"{2, 12, 13, 14, 17, 23}"
29,151,154,0.0,"{5, 8, 11, 18, 21}"
30,160,254,0.0,"{2, 4, 13, 19, 23, 24}"
31,166,258,0.001003265380859375,"{2, 4, 11, 12, 25, 26}"
32,170,319,0.0,"{2, 4, 10, 22, 25}"
33,179,226,0.0,"{2, 4, 8, 12, 22, 28}"
34,183,297,0.0,"{2, 6, 9, 11, 22}"
35,192,297,0.0,"{2, 4, 9, 19, 22, 23}"
36,197,263,0.0,"{35, 9, 10, 27, 31}"
37,207,312,0.0,"{3, 6, 8, 10, 17, 19, 24}"
38,214,261,0.0,"{2, 37, 8, 16, 17, 20, 23}"
39,221,451,0.0,"{32, 3, 37, 11, 22, 25, 28}"
40,227,406,0.0,"{32, 2, 3, 35, 7, 9, 14}"
41,230,320,0.0,"{3, 37, 7, 8, 25}"
42,237,345,0.0,"{34, 3, 7, 8, 13}"
43,248,331,0.0,"{1, 7, 42, 13, 24, 27, 29}"
44,253,292,0.0,"{1, 34, 35, 6, 39, 26}"
45,260,375,0.0,"{1, 7, 41, 44, 25, 29}"
46,267,219,0.0,"{1, 6, 43, 45, 19, 28}"
47,276,299,0.0,"{1, 40, 45, 16, 20, 23, 28}"
48,283,271,0.0,"{1, 34, 36, 6, 19, 27, 31}"
49,290,272,0.0,"{1, 34, 33, 7, 16, 21, 27}"
50,297,308,0.0,"{1, 34, 7, 41, 20, 26, 30}"
51,302,212,0.0,"{1, 34, 45, 14, 16, 19}"
52,309,260,0.0,"{1, 44, 13, 14, 18, 27}"
53,316,217,0.0,"{35, 5, 15, 18, 26, 29}"
54,325,293,0.0,"{2, 5, 40, 9, 18, 21, 22}"
55,332,163,0.0,"{5, 13, 46, 16, 17, 21, 54}"
56,338,229,0.0,"{38, 6, 40, 12, 17, 19}"
57,347,225,0.0,"{5, 14, 15, 19, 55, 24, 30}"
58,354,227,0.0,"{40, 11, 47, 16, 49, 18, 28}"
59,364,297,0.0,"{5, 8, 13, 14, 49, 18, 23, 26}"
60,369,197,0.0,"{5, 8, 15, 16, 17, 52, 57}"
61,374,296,0.0,"{34, 35, 5, 39, 11, 12}"
62,380,270,0.0,"{1, 4, 16, 25, 59}"
63,389,294,0.0,"{1, 8, 13, 17, 20, 22}"
64,398,420,0.0,"{3, 8, 10, 12, 20, 31, 63}"
65,404,235,0.0,"{33, 4, 6, 17, 21, 63}"
66,411,322,0.0,"{4, 10, 13, 20, 27, 29}"
67,421,278,0.0,"{66, 35, 4, 20, 23, 26, 29}"
68,428,406,0.0,"{65, 4, 40, 10, 12, 13, 14}"
69,432,173,0.0,"{66, 4, 9, 12, 31}"
70,444,258,0.0,"{66, 4, 68, 14, 53, 29, 30}"
71,451,306,0.0,"{67, 4, 14, 18, 50, 52, 59}"
72,461,347,0.0,"{1, 4, 7, 9, 14, 52, 24, 60}"
73,466,369,0.0,"{65, 9, 42, 12, 51, 30, 62}"
74,474,230,0.0,"{68, 11, 12, 13, 46, 24, 57}"
75,480,278,0.0,"{4, 38, 51, 52, 19, 22}"
76,489,491,0.0,"{37, 38, 10, 44, 51, 23, 58}"
77,495,322,0.0,"{1, 69, 73, 9, 44, 50}"
78,505,487,0.0,"{3, 35, 10, 46, 51, 59, 29}"
79,512,449,0.0,"{71, 8, 10, 44, 50, 26, 59}"
80,522,362,0.0,"{32, 8, 9, 12, 44, 20, 57, 28}"
81,526,245,0.0,"{36, 70, 44, 21, 23, 24}"
82,538,288,0.0,"{71, 8, 42, 43, 45, 46, 50, 24}"
83,542,275,0.0,"{3, 41, 10, 82, 20, 57}"
84,549,275,0.0,"{3, 36, 7, 11, 12, 46}"
85,561,394,0.0,"{3, 38, 78, 80, 48, 82, 50, 30}"
86,569,386,0.0,"{34, 66, 7, 39, 54, 55, 22, 62}"
87,575,318,0.0,"{0, 3, 38, 7, 78, 80, 55}"
88,583,353,0.0,"{65, 3, 37, 7, 73, 17, 29}"
89,591,412,0.0,"{32, 3, 36, 39, 11, 50, 62}"
90,597,352,0.0,"{3, 7, 11, 13, 47, 28}"
91,605,347,0.0,"{3, 7, 8, 10, 57, 30}"
92,613,353,0.0,"{3, 74, 10, 12, 80, 29}"
93,623,378,0.0,"{0, 64, 3, 6, 7, 77, 87}"
94,629,198,0.0009999275207519531,"{3, 68, 6, 79, 17, 28}"
95,637,283,0.0,"{8, 9, 10, 75, 89, 29}"
96,645,459,0.0,"{65, 34, 10, 43, 77, 86}"
97,655,244,0.0,"{0, 8, 78, 18, 52, 88, 59}"
98,665,399,0.0,"{2, 71, 8, 76, 79, 80, 51, 61}"
99,671,185,0.0,"{66, 69, 6, 71, 75, 78, 54}"
100,679,369,0.0,"{3, 37, 7, 85, 58, 60, 30}"
101,689,293,0.0,"{66, 67, 7, 39, 73, 79, 53, 30}"
102,695,404,0.0,"{6, 77, 15, 93, 91, 61, 31}"
103,707,443,0.0,"{33, 1, 6, 102, 9, 11, 75, 25, 61}"
104,711,329,0.0,"{65, 6, 73, 45, 79, 55, 25}"
105,723,519,0.0,"{100, 6, 7, 8, 74, 77, 55, 26, 63}"
106,730,319,0.0,"{68, 69, 5, 101, 80, 24, 28, 29}"
107,736,448,0.0,"{6, 71, 7, 80, 86, 55, 60}"
108,744,471,0.0,"{32, 35, 7, 29, 23, 24, 93}"
109,750,171,0.0,"{107, 14, 16, 53, 24, 57}"
110,758,165,0.0,"{71, 14, 17, 52, 21, 24}"
111,769,210,0.0,"{67, 16, 88, 25, 26, 91, 24}"
112,779,492,0.0,"{96, 32, 6, 8, 104, 106, 14, 31}"
113,785,363,0.0,"{66, 104, 44, 80, 22, 87, 60}"
114,795,375,0.0,"{89, 70, 8, 104, 107, 22, 88, 25}"
115,800,394,0.0,"{6, 106, 77, 48, 114, 87}"
116,812,457,0.0,"{97, 68, 6, 8, 9, 106, 45, 25}"
117,818,249,0.0,"{100, 45, 48, 81, 21, 24, 95}"
118,831,440,0.0,"{96, 35, 36, 5, 77, 82, 83, 87, 28}"
119,835,229,0.0010004043579101562,"{4, 5, 102, 103, 72, 79, 83}"
120,843,332,0.0,"{2, 74, 13, 15, 53, 87, 62}"
121,854,368,0.0,"{2, 5, 72, 104, 108, 81, 23, 26}"
122,862,278,0.0009999275207519531,"{65, 67, 68, 5, 42, 15, 112, 20}"
123,866,253,0.0,"{2, 67, 5, 7, 108, 47}"
124,877,344,0.0,"{64, 2, 34, 7, 11, 110, 49}"
125,885,293,0.0,"{68, 6, 7, 43, 45, 22, 124}"
126,894,310,0.0,"{2, 5, 73, 79, 48, 22, 23}"
127,904,202,0.0,"{64, 67, 75, 109, 80, 19, 85, 118}"
128,910,317,0.0,"{66, 35, 69, 14, 19, 22, 63}"
129,917,187,0.0,"{66, 43, 84, 24, 125, 62}"
130,927,284,0.0,"{38, 7, 46, 21, 120, 59, 126}"
131,936,272,0.0,"{100, 5, 42, 11, 19, 24, 60}"
132,946,287,0.0,"{68, 5, 6, 74, 18, 116, 58, 63}"
133,955,334,0.0,"{112, 82, 115, 88, 57, 123, 92, 62}"
134,963,318,0.0,"{2, 5, 8, 113, 88, 58, 27, 61}"
135,972,497,0.0,"{5, 38, 71, 80, 113, 83, 23, 122}"
136,978,409,0.0,"{44, 109, 20, 86, 55, 59, 124}"
137,987,395,0.0,"{68, 4, 11, 77, 55, 56, 90}"
138,995,255,0.0,"{5, 134, 111, 81, 18, 55, 126}"
139,1004,288,0.0,"{130, 133, 81, 118, 121, 126, 95}"
140,1013,275,0.0009999275207519531,"{131, 5, 38, 137, 52, 120, 124}"
141,1025,491,0.0,"{34, 132, 109, 78, 112, 114, 115, 53, 127}"
142,1032,299,0.0,"{129, 35, 68, 5, 106, 77, 19, 95}"
143,1040,278,0.0,"{5, 135, 108, 49, 116, 89, 91, 125}"
144,1047,308,0.0,"{33, 100, 5, 39, 75, 50, 18}"
145,1056,421,0.0,"{132, 5, 101, 134, 137, 48, 50}"
146,1062,428,0.0,"{4, 10, 142, 50, 51, 119}"
147,1075,457,0.0,"{97, 103, 72, 39, 138, 121, 91, 93}"
148,1081,279,0.0,"{5, 38, 81, 49, 18, 83, 60}"
149,1092,493,0.0,"{99, 4, 106, 16, 113, 18, 83, 51}"
150,1101,409,0.0,"{69, 6, 8, 108, 78, 111, 50, 121}"
151,1107,289,0.0,"{4, 11, 12, 50, 18, 52, 85}"
152,1120,405,0.0,"{136, 41, 11, 47, 18, 84, 148, 88, 124}"
153,1127,462,0.0,"{34, 77, 48, 81, 144, 150, 119, 124}"
154,1134,352,0.0,"{69, 142, 46, 145, 83, 121, 126}"
155,1142,270,0.0,"{4, 5, 105, 48, 17, 87, 127}"
156,1151,429,0.0,"{121, 110, 17, 83, 117, 23, 153}"
157,1162,380,0.0,"{35, 103, 138, 28, 15, 80, 55, 156}"
158,1170,329,0.0,"{65, 9, 74, 78, 17, 87, 60, 63}"
159,1179,372,0.0,"{131, 132, 5, 133, 140, 44, 46, 121}"
160,1188,481,0.0,"{96, 129, 34, 69, 77, 110, 115, 93}"
161,1195,247,0.0,"{129, 110, 17, 116, 152, 125, 31}"
162,1210,492,0.0,"{3, 4, 101, 133, 74, 43, 11, 112, 20, 121}"
163,1214,228,0.0,"{160, 4, 101, 134, 103, 45, 60, 61}"
164,1223,242,0.0,"{33, 5, 107, 78, 16, 115, 151, 127}"
165,1232,321,0.0,"{66, 4, 105, 42, 110, 53, 123, 157}"
166,1237,241,0.0,"{136, 41, 42, 14, 119, 157}"
167,1248,274,0.0,"{162, 3, 73, 43, 155, 124, 94}"
168,1260,484,0.0,"{128, 162, 35, 4, 72, 10, 75, 30, 127}"
169,1267,277,0.0,"{129, 100, 69, 104, 73, 74, 151, 92}"
170,1274,320,0.0,"{70, 42, 139, 91, 151, 57, 155}"
171,1285,555,0.0,"{162, 70, 40, 109, 143, 117, 90, 123}"
172,1294,338,0.0,"{40, 169, 139, 14, 144, 82, 153, 90}"
173,1301,372,0.0,"{27, 110, 112, 19, 154, 123, 29}"
174,1314,435,0.0,"{68, 39, 139, 109, 15, 17, 148, 150, 90}"
175,1320,197,0.0,"{128, 159, 41, 171, 78, 85, 120, 95}"
176,1329,247,0.0,"{163, 40, 138, 107, 78, 146, 155, 159}"
177,1336,236,0.0010004043579101562,"{66, 36, 103, 40, 84, 88, 155}"
178,1349,465,0.0,"{64, 65, 3, 103, 40, 137, 143, 86, 124}"
179,1360,298,0.0,"{165, 38, 5, 15, 47, 82, 178, 52, 85, 151}"
180,1365,448,0.0,"{64, 131, 3, 36, 168, 77, 84, 155}"
181,1376,511,0.0,"{37, 6, 172, 178, 148, 151, 90, 60, 62}"
182,1383,343,0.0,"{3, 103, 141, 79, 112, 81, 52, 85}"
183,1392,349,0.0,"{161, 135, 170, 79, 80, 87, 153, 124}"
184,1403,377,0.0,"{0, 3, 6, 73, 79, 112, 81, 146, 90}"
185,1410,402,0.0,"{36, 72, 171, 111, 145, 23, 59, 62}"
186,1421,354,0.0,"{128, 132, 36, 165, 107, 141, 90, 59, 95}"
187,1430,539,0.0,"{129, 101, 171, 77, 141, 113, 115, 148, 186}"
188,1437,470,0.0,"{161, 140, 76, 181, 182, 60, 30, 127}"
189,1442,295,0.0,"{37, 70, 105, 110, 122, 60}"
190,1457,466,0.0,"{130, 98, 131, 75, 185, 58, 59, 92, 61}"
191,1464,367,0.0,"{34, 3, 35, 37, 14, 146, 182, 122}"
192,1471,496,0.0,"{35, 139, 109, 179, 119, 152, 154}"
193,1482,495,0.0,"{98, 3, 7, 72, 108, 77, 79, 58}"
194,1497,434,0.0,"{3, 42, 13, 178, 116, 180, 182, 120, 25, 188, 159}"
195,1500,434,0.0,"{34, 3, 35, 102, 105, 112, 117, 24}"
196,1509,443,0.0,"{34, 99, 3, 104, 78, 114, 23, 87}"
197,1518,434,0.0,"{97, 100, 103, 188, 179, 56, 91, 124}"
198,1527,488,0.0,"{33, 3, 35, 69, 70, 141, 77, 176}"
199,1534,330,0.0,"{100, 101, 170, 111, 54, 188, 127}"
200,1545,501,0.0,"{97, 3, 139, 108, 79, 178, 55, 58}"
201,1556,378,0.0,"{34, 3, 99, 132, 68, 131, 72, 151, 120}"
202,1563,478,0.0,"{65, 98, 3, 135, 106, 16, 84, 57}"
203,1571,168,0.0,"{129, 68, 105, 41, 172, 16, 183}"
204,1584,569,0.0,"{96, 3, 131, 198, 104, 171, 109, 180, 153}"
205,1593,512,0.0,"{32, 3, 196, 102, 103, 144, 53, 119, 126}"
206,1600,402,0.0,"{3, 102, 103, 38, 11, 172, 176, 94}"
207,1611,456,0.0010006427764892578,"{3, 100, 68, 202, 171, 141, 21, 123, 190}"
208,1620,503,0.0,"{65, 162, 3, 99, 199, 202, 171, 60, 31}"
209,1627,505,0.0,"{99, 71, 108, 141, 109, 52, 59, 31}"
210,1634,223,0.0,"{97, 121, 67, 167, 144, 89, 122}"
211,1644,214,0.0,"{160, 159, 3, 142, 85, 90, 31}"
212,1657,485,0.0,"{32, 96, 195, 200, 170, 175, 87, 122, 30}"
213,1664,496,0.0009999275207519531,"{128, 3, 68, 138, 174, 50, 88, 190}"
214,1671,352,0.0,"{64, 0, 68, 140, 50, 88, 63}"
215,1682,444,0.0,"{3, 132, 41, 109, 209, 184, 62, 63}"
216,1690,378,0.0,"{196, 171, 203, 114, 50, 93, 61}"
217,1701,443,0.0,"{73, 172, 12, 84, 86, 61, 30, 127}"
218,1708,297,0.0,"{160, 164, 171, 49, 209, 85, 91}"
219,1721,408,0.0010006427764892578,"{41, 57, 61, 120, 217, 218, 60, 29, 31}"
220,1730,392,0.0,"{3, 37, 134, 107, 204, 176, 182, 29, 94}"
221,1738,325,0.0,"{185, 165, 134, 202, 139, 147, 89, 123}"
222,1747,418,0.0,"{195, 74, 143, 80, 50, 89, 59, 60}"
223,1756,373,0.0,"{193, 131, 123, 146, 88, 91, 60, 29}"
224,1769,509,0.0,"{1, 74, 172, 204, 79, 87, 58, 219, 190, 30}"
225,1777,367,0.0,"{103, 169, 46, 87, 120, 58, 219, 220, 61}"
226,1790,429,0.0,"{192, 193, 3, 99, 86, 215, 57, 186, 158, 156, 30}"
227,1793,294,0.0,"{194, 72, 78, 80, 209, 18, 29, 159}"
228,1802,368,0.0,"{3, 198, 203, 144, 18, 57, 221, 127}"
229,1812,451,0.0,"{100, 211, 84, 20, 214, 57, 58, 28}"
230,1821,522,0.0,"{223, 10, 45, 114, 56, 219, 29, 191}"
231,1832,654,0.0,"{98, 3, 164, 135, 141, 209, 83, 56, 223}"
232,1840,472,0.0010001659393310547,"{133, 77, 82, 18, 152, 217, 56, 159}"
233,1851,456,0.0,"{165, 109, 77, 82, 180, 55, 151, 121, 57}"
234,1858,551,0.0,"{195, 168, 76, 86, 152, 57, 186, 59}"
235,1869,470,0.0,"{3, 200, 11, 76, 81, 213, 118, 88, 95}"
236,1881,568,0.0,"{130, 71, 138, 207, 80, 212, 149, 182, 27, 63}"
237,1888,377,0.0,"{3, 163, 103, 108, 173, 207, 80, 153, 28}"
238,1893,383,0.0,"{129, 73, 143, 176, 212, 53, 56}"
239,1905,329,0.0,"{128, 97, 130, 74, 79, 54, 55, 125}"
240,1916,340,0.0,"{160, 230, 72, 73, 111, 220, 117, 55, 124}"
241,1928,511,0.0,"{162, 3, 227, 186, 137, 42, 141, 52, 26, 60}"
242,1933,319,0.0,"{160, 26, 229, 134, 77, 53, 21, 154}"
243,1944,470,0.0,"{162, 130, 67, 35, 135, 233, 52, 20, 90}"
244,1954,450,0.0010001659393310547,"{199, 154, 137, 242, 52, 117, 26, 126, 159}"
245,1961,225,0.0,"{196, 133, 43, 241, 146, 151, 26, 27}"
246,1970,382,0.0,"{3, 39, 76, 12, 209, 147, 118, 27}"
247,1980,315,0.0,"{228, 69, 133, 167, 165, 75, 51, 121}"
248,1987,474,0.0,"{3, 70, 107, 242, 51, 180, 218}"
249,2001,553,0.0,"{97, 121, 104, 136, 74, 40, 206, 118, 25}"
250,2010,486,0.0,"{192, 130, 201, 169, 238, 120, 25, 218, 61}"
251,2019,515,0.0,"{34, 69, 73, 50, 85, 86, 214, 153, 25}"
252,2029,450,0.0009999275207519531,"{224, 229, 69, 73, 139, 206, 49, 25, 155}"
253,2036,265,0.0009999275207519531,"{67, 68, 122, 112, 146, 114, 245, 26}"
254,2046,425,0.0,"{225, 3, 72, 207, 49, 50, 248, 122}"
255,2055,270,0.0009999275207519531,"{67, 164, 167, 72, 241, 50, 151, 26}"
256,2066,385,0.0,"{64, 66, 3, 228, 39, 141, 239, 182, 156}"
257,2078,713,0.0,"{3, 131, 228, 164, 71, 230, 140, 83, 213, 152}"
258,2083,390,0.0,"{224, 100, 9, 139, 49, 245, 24, 186}"
259,2095,557,0.0010004043579101562,"{164, 70, 40, 170, 48, 145, 150, 122, 219}"
260,2100,321,0.0,"{160, 38, 70, 39, 168, 24, 187}"
261,2112,314,0.0,"{64, 65, 160, 38, 107, 113, 183, 216}"
262,2123,392,0.0010001659393310547,"{128, 69, 169, 174, 145, 116, 213, 149, 85}"
263,2131,363,0.0,"{68, 69, 38, 228, 138, 109, 241, 217}"
264,2138,335,0.0,"{2, 195, 263, 93, 214, 124, 157}"
265,2150,495,0.0,"{68, 101, 168, 47, 48, 50, 152, 222}"
266,2161,542,0.0,"{194, 229, 38, 137, 148, 183, 56, 218, 219}"
267,2169,325,0.0,"{67, 69, 38, 198, 104, 46, 212, 87}"
268,2182,474,0.0,"{67, 68, 103, 199, 172, 145, 118, 150, 189, 63}"
269,2186,331,0.0,"{160, 46, 48, 117, 86, 95, 63}"
270,2199,573,0.0,"{66, 2, 199, 112, 81, 148, 86, 119, 190}"
271,2209,386,0.0,"{37, 38, 136, 47, 49, 179, 85, 23, 62}"
272,2218,375,0.0010006427764892578,"{66, 133, 105, 46, 209, 23, 216, 125, 62}"
273,2226,406,0.0,"{65, 228, 265, 138, 141, 46, 110, 186}"
274,2235,422,0.0,"{65, 229, 168, 241, 245, 151, 220, 159}"
275,2245,368,0.0,"{226, 99, 40, 75, 171, 242, 178, 61}"
276,2254,525,0.0,"{160, 100, 139, 155, 83, 55, 23, 59}"
277,2264,474,0.0010004043579101562,"{64, 39, 44, 111, 22, 216, 59, 190}"
278,2276,390,0.0,"{258, 137, 170, 75, 241, 51, 118, 89, 222}"
279,2283,409,0.0009996891021728516,"{99, 199, 136, 8, 44, 116, 184, 63}"
280,2297,456,0.0,"{227, 133, 230, 73, 112, 17, 181, 23, 250, 93}"
281,2306,726,0.0,"{2, 132, 168, 138, 209, 177, 212, 22, 58, 63}"
282,2312,504,0.0010006427764892578,"{131, 169, 44, 81, 117, 86, 58, 126}"
283,2323,538,0.0,"{194, 35, 259, 43, 148, 23, 59, 93, 62}"
284,2331,315,0.0,"{0, 35, 202, 43, 23, 121, 252, 94}"
285,2343,469,0.0,"{35, 195, 197, 8, 269, 114, 22, 122, 62}"
286,2354,504,0.0,"{256, 2, 71, 263, 272, 145, 247, 151, 250, 61}"
287,2362,465,0.0,"{96, 129, 224, 43, 80, 212, 22, 248, 282}"
288,2369,460,0.0010001659393310547,"{257, 65, 43, 61, 22, 184, 56, 29}"
289,2381,516,0.0,"{35, 263, 43, 108, 141, 80, 86, 57, 286}"
290,2391,322,0.0,"{257, 255, 260, 42, 43, 185, 282, 254, 95}"
291,2398,305,0.0,"{288, 2, 229, 41, 21, 22, 149, 219}"
292,2408,276,0.0,"{15, 49, 115, 244, 125, 56, 285, 223}"
293,2418,560,0.0009999275207519531,"{102, 232, 264, 42, 187, 148, 56, 59}"
294,2431,352,0.0,"{2, 71, 170, 203, 46, 178, 85, 22, 250, 59}"
295,2441,641,0.0010013580322265625,"{96, 8, 168, 234, 175, 208, 182, 55, 59, 189}"
296,2450,445,0.0,"{130, 68, 41, 171, 175, 239, 275, 215, 216, 154}"
297,2456,521,0.0,"{34, 259, 108, 28, 112, 145, 58, 220}"
298,2466,380,0.0,"{193, 2, 292, 228, 9, 172, 274, 58}"
299,2477,429,0.0,"{196, 102, 8, 233, 234, 270, 247, 184, 57}"
300,2487,356,0.0,"{34, 166, 40, 41, 74, 46, 21, 156, 30}"
301,2497,364,0.0,"{33, 3, 263, 40, 41, 202, 239, 21, 252}"
302,2508,432,0.0010006427764892578,"{192, 193, 34, 230, 167, 40, 264, 109, 251, 221}"
303,2516,356,0.00099945068359375,"{2, 197, 51, 277, 182, 54, 280, 57, 184}"
304,2528,552,0.0,"{289, 58, 101, 293, 40, 81, 54, 87, 215, 283}"
305,2534,488,0.00099945068359375,"{2, 162, 40, 239, 273, 84, 277, 57}"
306,2547,426,0.0,"{2, 290, 198, 295, 40, 42, 144, 244, 59, 159}"
307,2551,432,0.0010001659393310547,"{2, 230, 205, 15, 210, 84, 56}"
308,2569,483,0.0,"{257, 305, 307, 119, 21, 183, 87, 243, 121, 27, 190}"
309,2576,524,0.0,"{289, 2, 3, 105, 77, 206, 269, 16, 215, 25}"
310,2584,445,0.0,"{133, 294, 204, 172, 79, 20, 244, 218, 283}"
311,2592,434,0.0,"{192, 97, 197, 39, 85, 55, 185, 284}"
312,2604,440,0.0,"{163, 100, 230, 39, 303, 178, 51, 20, 180}"
313,2613,302,0.0010006427764892578,"{32, 27, 170, 304, 305, 85, 55, 88, 155}"
314,2623,297,0.0,"{38, 295, 274, 179, 154, 158, 92, 190, 95}"
315,2633,374,0.0,"{257, 196, 38, 281, 9, 173, 54, 153, 251}"
316,2642,573,0.0010006427764892578,"{226, 38, 13, 112, 51, 243, 246, 152, 314}"
317,2650,534,0.0,"{224, 225, 101, 38, 204, 51, 247, 284}"
318,2660,361,0.0,"{288, 37, 237, 14, 50, 19, 277, 124}"
319,2670,242,0.0010001659393310547,"{38, 39, 200, 294, 203, 270, 20, 153}"
320,2684,595,0.0,"{226, 198, 138, 299, 78, 19, 218, 219, 318, 31}"
321,2691,432,0.0009999275207519531,"{288, 289, 266, 43, 236, 19, 149, 216, 314}"
322,2701,543,0.0,"{37, 38, 208, 50, 19, 179, 214, 190, 223}"
323,2707,470,0.0009996891021728516,"{130, 106, 45, 212, 245, 53, 311}"
324,2721,319,0.0009999275207519531,"{260, 9, 45, 174, 144, 145, 19, 158, 223}"
325,2730,344,0.0,"{320, 131, 38, 49, 305, 253, 58, 222, 30}"
326,2740,385,0.0,"{321, 2, 176, 52, 151, 248, 91, 30, 255}"
327,2748,371,0.0010006427764892578,"{162, 259, 36, 262, 169, 204, 205, 30}"
328,2758,364,0.0,"{2, 264, 47, 112, 19, 52, 179, 30}"
329,2770,284,0.0,"{96, 129, 4, 236, 47, 49, 19, 52, 124}"
330,2781,259,0.0,"{160, 36, 295, 104, 46, 277, 311, 249, 158, 95}"
331,2789,462,0.0,"{36, 5, 198, 137, 301, 16, 51, 186, 316}"
332,2797,365,0.0,"{36, 197, 324, 167, 298, 268, 300, 51}"
333,2809,470,0.0,"{65, 36, 327, 233, 204, 18, 314, 59, 29}"
334,2821,605,0.0,"{256, 135, 138, 270, 207, 274, 51, 148, 179, 85}"
335,2830,441,0.0,"{129, 2, 195, 228, 37, 140, 47, 18, 248, 29}"
336,2836,500,0.0009996891021728516,"{290, 100, 329, 47, 48, 50, 18, 29}"
337,2848,438,0.0,"{227, 77, 13, 143, 18, 116, 310, 119, 94}"
338,2858,329,0.0010008811950683594,"{2, 324, 36, 134, 171, 205, 19, 115, 319}"
339,2870,316,0.0010023117065429688,"{33, 36, 261, 74, 203, 271, 80, 18, 278, 281}"
340,2880,472,0.0,"{160, 97, 35, 3, 295, 236, 47, 90, 28, 63}"
341,2888,384,0.0,"{35, 168, 72, 112, 49, 19, 84, 88, 223}"
342,2899,355,0.0010001659393310547,"{35, 36, 259, 296, 73, 204, 142, 49, 81, 312}"
343,2905,329,0.0009999275207519531,"{320, 34, 134, 334, 79, 18, 24, 217}"
344,2913,278,0.0,"{259, 35, 171, 75, 12, 208, 18}"
345,2927,473,0.0,"{34, 35, 164, 37, 294, 41, 138, 140, 46}"
346,2935,507,0.0009992122650146484,"{96, 34, 292, 136, 271, 179, 214, 29}"
347,2947,505,0.0,"{34, 2, 102, 45, 275, 148, 277, 345, 189}"
348,2959,635,0.0,"{192, 34, 258, 2, 231, 77, 175, 48, 123, 286}"
349,2967,449,0.0,"{291, 71, 206, 142, 17, 18, 51, 149, 345}"
350,2976,390,0.0009999275207519531,"{133, 329, 45, 48, 17, 145, 274, 313, 315}"
351,2988,475,0.0010008811950683594,"{322, 165, 326, 166, 45, 109, 48, 17, 86, 252}"
352,2994,510,0.0,"{33, 197, 204, 76, 48, 273, 122, 219}"
353,3006,489,0.0,"{256, 7, 172, 76, 143, 18, 146, 244, 121}"
354,3014,486,0.0,"{33, 34, 98, 171, 44, 17, 83, 93}"
355,3026,384,0.0,"{72, 200, 170, 44, 18, 275, 152, 120, 61}"
356,3034,297,0.0,"{133, 7, 75, 44, 238, 178, 28, 253}"
357,3046,335,0.0010001659393310547,"{33, 259, 101, 44, 141, 240, 337, 178, 124}"
358,3058,369,0.0,"{33, 322, 356, 297, 251, 177, 82, 27, 125, 351}"
359,3066,446,0.0010001659393310547,"{17, 242, 341, 214, 149, 344, 59, 28, 157}"
360,3080,606,0.0010006427764892578,"{224, 257, 166, 230, 139, 107, 17, 274, 152, 24, 220}"
361,3088,495,0.0,"{165, 138, 267, 272, 17, 115, 217, 27, 284, 189}"
362,3093,319,0.0,"{355, 70, 359, 137, 46, 17, 151, 344}"
363,3103,438,0.0,"{353, 262, 360, 77, 46, 272, 17, 187}"
364,3117,521,0.0,"{353, 104, 43, 46, 302, 17, 18, 217, 314, 124}"
365,3125,355,0.0,"{328, 136, 297, 43, 333, 238, 17, 216, 30}"
366,3137,569,0.0,"{32, 199, 135, 299, 77, 17, 274, 121, 253, 159}"
367,3147,371,0.0009999275207519531,"{160, 32, 289, 323, 321, 357, 134, 295, 45, 255}"
368,3157,548,0.0,"{32, 353, 154, 135, 43, 236, 45, 87, 218, 159}"
369,3167,530,0.0,"{32, 324, 357, 133, 71, 74, 172, 117, 248, 314}"
370,3175,386,0.0,"{194, 2, 39, 270, 16, 150, 88, 219, 191}"
371,3185,553,0.0009996891021728516,"{225, 42, 299, 16, 209, 149, 345, 348, 351}"
372,3195,260,0.0010001659393310547,"{32, 292, 325, 42, 173, 17, 116, 156, 158}"
373,3203,289,0.0,"{324, 42, 140, 270, 305, 26, 251, 191}"
374,3215,321,0.0,"{32, 67, 358, 38, 16, 244, 310, 185, 26}"
375,3223,489,0.0,"{325, 136, 266, 44, 142, 176, 56, 123}"
376,3235,383,0.0,"{69, 41, 42, 237, 206, 174, 16, 19, 254}"
377,3245,451,0.0,"{64, 258, 72, 235, 44, 369, 215, 122, 31}"
378,3255,443,0.0,"{289, 66, 132, 68, 135, 328, 329, 206, 281}"
379,3265,353,0.0,"{225, 41, 267, 78, 277, 278, 246, 31, 319}"
380,3277,443,0.0,"{66, 231, 167, 169, 16, 246, 345, 348, 190, 31}"
381,3285,446,0.0,"{352, 355, 227, 229, 263, 76, 16, 150, 25}"
382,3295,485,0.0009999275207519531,"{166, 330, 43, 365, 368, 50, 279, 25, 61}"
383,3305,517,0.0010001659393310547,"{128, 134, 71, 361, 43, 16, 371, 83, 344}"
384,3315,455,0.0010004043579101562,"{257, 198, 328, 43, 16, 116, 311, 25, 31}"
385,3323,285,0.0010001659393310547,"{68, 325, 327, 43, 111, 113, 184, 125}"
386,3337,429,0.001001119613647461,"{288, 2, 108, 175, 16, 369, 146, 147, 217, 379}"
387,3347,235,0.0,"{259, 135, 167, 16, 49, 146, 243, 124, 30, 95}"
388,3355,505,0.0009996891021728516,"{355, 327, 296, 234, 109, 240, 369, 285, 30}"
389,3363,230,0.0,"{322, 67, 327, 16, 343, 281, 30, 255}"
390,3375,439,0.0,"{2, 387, 69, 337, 338, 84, 25, 314, 30}"
391,3385,411,0.0,"{264, 137, 42, 368, 213, 279, 283, 30, 255}"
392,3395,504,0.0,"{162, 69, 39, 298, 42, 77, 88, 25, 61}"
393,3408,444,0.0,"{129, 382, 195, 356, 345, 15, 184, 121, 30, 223}"
394,3414,419,0.0010023117065429688,"{142, 149, 246, 284, 121, 314, 188, 317}"
395,3428,429,0.0,"{39, 106, 75, 367, 16, 337, 24, 313, 29, 319}"
396,3438,666,0.0,"{353, 39, 329, 108, 141, 24, 313, 378, 283, 252}"
397,3444,253,0.0,"{280, 357, 39, 232, 362, 16, 277, 24}"
398,3454,281,0.0,"{133, 294, 140, 15, 243, 246, 184, 158}"
399,3466,530,0.0,"{293, 390, 41, 394, 80, 112, 118, 348, 29}"
400,3476,346,0.0,"{38, 262, 296, 105, 41, 203, 335, 82, 24}"
401,3486,376,0.0010004043579101562,"{227, 264, 296, 74, 377, 213, 182, 118, 313}"
402,3496,499,0.0,"{131, 35, 104, 15, 369, 180, 213, 52, 382}"
403,3504,428,0.0,"{38, 230, 71, 137, 364, 47, 146, 117}"
404,3516,488,0.0,"{130, 11, 175, 143, 242, 24, 346, 317, 29}"
405,3523,287,0.0,"{38, 327, 72, 103, 179, 180, 29}"
406,3537,302,0.0010006427764892578,"{64, 290, 163, 228, 68, 38, 15, 81, 151}"
407,3547,306,0.0,"{129, 99, 136, 78, 15, 16, 29, 28, 125}"
408,3561,632,0.0,"{256, 99, 100, 38, 40, 175, 210, 307, 51, 249, 314}"
409,3571,643,0.0,"{224, 134, 40, 15, 401, 337, 179, 243, 53, 311, 312}"
410,3579,458,0.0,"{261, 101, 134, 38, 72, 41, 175, 242, 278, 216}"
411,3589,551,0.0,"{321, 99, 388, 133, 232, 40, 108, 15, 273, 30}"
412,3599,618,0.0,"{101, 390, 140, 173, 239, 82, 339, 19, 411, 28}"
413,3605,356,0.0010004043579101562,"{100, 139, 338, 275, 23, 28, 254, 255}"
414,3616,333,0.0009989738464355469,"{227, 37, 230, 402, 87, 23, 28, 223}"
415,3626,306,0.0,"{389, 37, 197, 363, 207, 115, 307, 374}"
416,3638,486,0.0,"{228, 37, 70, 364, 204, 112, 23, 186, 28}"
417,3648,488,0.0,"{39, 232, 77, 14, 145, 211, 404, 317, 350}"
418,3658,470,0.0,"{229, 231, 136, 202, 234, 237, 52, 28, 351}"
419,3668,297,0.0010001659393310547,"{322, 201, 394, 175, 111, 243, 405, 88, 28}"
420,3678,529,0.0,"{98, 197, 105, 335, 212, 117, 343, 123, 349}"
421,3691,548,0.0,"{231, 209, 156, 339, 119, 412, 219, 349, 61, 414}"
422,3701,417,0.0009996891021728516,"{128, 166, 265, 28, 336, 305, 277, 280, 252, 61}"
423,3711,391,0.0,"{384, 289, 232, 268, 333, 144, 209, 23, 27, 284}"
424,3719,441,0.0,"{225, 36, 394, 239, 220, 118, 23, 156, 255}"
425,3731,490,0.0,"{96, 36, 165, 393, 108, 177, 308, 405, 409, 253}"
426,3743,527,0.0,"{96, 288, 320, 354, 36, 164, 38, 398, 180, 311, 122}"
427,3750,244,0.0,"{163, 229, 38, 263, 295, 117, 405, 27, 126}"
428,3758,415,0.0,"{131, 260, 391, 332, 145, 22, 378, 62}"
429,3770,271,0.0,"{197, 427, 244, 189, 57, 27, 125, 414, 95}"
430,3782,351,0.0,"{192, 294, 200, 241, 116, 149, 22, 119, 404, 94}"
431,3790,431,0.0,"{320, 35, 195, 422, 397, 14, 207, 336, 186}"
432,3803,568,0.001001596450805664,"{130, 262, 6, 106, 427, 205, 14, 311, 281, 124}"
433,3809,403,0.0,"{298, 331, 428, 14, 186, 27, 158, 127}"
434,3819,517,0.0,"{199, 171, 399, 272, 112, 373, 117, 318}"
435,3831,403,0.0009975433349609375,"{35, 203, 108, 340, 21, 310, 374, 27, 286}"
436,3839,383,0.0,"{35, 325, 133, 14, 369, 338, 371, 62}"
437,3854,403,0.0,"{416, 35, 285, 37, 186, 398, 61, 53, 122, 157}"
438,3860,446,0.0009999275207519531,"{291, 35, 14, 406, 313, 122, 92, 63}"
439,3872,431,0.0,"{388, 10, 47, 178, 221, 121, 317, 285, 414}"
440,3884,551,0.0,"{280, 98, 356, 394, 206, 46, 438, 376, 26, 381}"
441,3893,446,0.0,"{228, 71, 330, 266, 207, 339, 375, 189, 222}"
442,3907,357,0.0009999275207519531,"{69, 103, 328, 154, 239, 215, 280, 377, 26, 120, 415}"
443,3913,423,0.0,"{416, 26, 195, 230, 276, 374, 55, 376, 154}"
444,3925,233,0.0,"{160, 387, 105, 270, 304, 277, 246, 62, 349, 414}"
445,3933,416,0.0,"{102, 70, 46, 400, 279, 412, 26, 124, 319}"
446,3946,510,0.0009999275207519531,"{225, 34, 203, 14, 398, 433, 273, 180, 21, 379}"
447,3954,415,0.0009996891021728516,"{385, 34, 36, 249, 361, 21, 153, 252, 413}"
448,3962,400,0.0009999275207519531,"{201, 235, 14, 179, 248, 121, 251, 125}"
449,3974,430,0.0,"{384, 34, 393, 13, 109, 21, 54, 214, 383}"
450,3987,589,0.0,"{382, 282, 173, 206, 368, 26, 59, 412, 190, 191}"
451,3997,444,0.00099945068359375,"{100, 36, 232, 234, 108, 18, 52, 407, 153, 26}"
452,4005,387,0.0009999275207519531,"{323, 100, 5, 294, 423, 277, 440, 89, 91}"
453,4013,427,0.0,"{384, 192, 185, 100, 358, 263, 121, 123}"
454,4026,335,0.0,"{256, 3, 266, 44, 45, 14, 244, 21, 26}"
455,4040,450,0.0,"{448, 449, 417, 65, 263, 361, 395, 269, 147, 26, 413}"
456,4046,461,0.0010013580322265625,"{193, 201, 272, 115, 372, 407, 88, 25, 63}"
457,4061,543,0.0,"{226, 326, 268, 13, 144, 116, 309, 213, 25, 220, 189}"
458,4065,513,0.0,"{1, 281, 206, 367, 114, 150, 25, 93}"
459,4079,572,0.0,"{66, 419, 197, 263, 396, 399, 51, 277, 408, 348}"
460,4085,346,0.00099945068359375,"{256, 33, 294, 166, 330, 87, 444, 412}"
461,4096,419,0.0,"{450, 355, 67, 179, 342, 376, 25, 446}"
462,4108,425,0.001001596450805664,"{418, 66, 232, 107, 13, 307, 339, 244, 52}"
463,4118,391,0.001001119613647461,"{33, 354, 35, 105, 460, 13, 173, 251, 253}"
464,4127,588,0.0,"{409, 44, 13, 341, 376, 25, 92, 189}"
465,4143,575,0.0010008811950683594,"{70, 391, 107, 140, 13, 333, 460, 112, 253, 62, 319}"
466,4151,576,0.0010001659393310547,"{324, 393, 138, 172, 13, 366, 365, 340, 20, 25}"
467,4160,394,0.0,"{326, 377, 426, 465, 246, 25, 187, 61, 350}"
468,4174,781,0.0,"{96, 195, 229, 139, 13, 302, 113, 343, 216, 219, 348}"
469,4182,443,0.0,"{228, 421, 143, 274, 306, 20, 85, 54, 30, 127}"
470,4190,487,0.0,"{65, 34, 451, 131, 432, 147, 20, 214, 443}"
471,4199,461,0.0,"{34, 392, 328, 13, 239, 180, 21, 318}"
472,4211,400,0.0,"{1, 355, 293, 465, 305, 307, 20, 316, 413}"
473,4221,586,0.0010020732879638672,"{32, 34, 290, 461, 176, 370, 84, 437, 121}"
474,4234,585,0.0009999275207519531,"{32, 68, 229, 390, 187, 178, 83, 441, 443, 412}"
475,4242,422,0.0,"{32, 256, 34, 13, 241, 178, 211, 20, 24}"
476,4252,483,0.0,"{32, 34, 165, 327, 13, 174, 278, 24, 281}"
477,4259,289,0.0010001659393310547,"{427, 13, 82, 20, 24, 476, 221}"
478,4273,458,0.0009996891021728516,"{34, 290, 327, 169, 116, 24, 220, 93, 159}"
479,4285,419,0.0,"{248, 325, 456, 426, 303, 464, 403, 24, 156, 31}"
480,4294,509,0.0009996891021728516,"{35, 168, 301, 466, 309, 24, 252, 93, 190}"
481,4306,439,0.0009999275207519531,"{34, 227, 165, 134, 20, 277, 180, 189, 24, 221}"
482,4317,550,0.0010001659393310547,"{248, 258, 331, 397, 178, 82, 50, 24, 409, 92}"
483,4327,633,0.0,"{354, 296, 42, 428, 141, 236, 119, 24, 473, 216}"
484,4337,458,0.0,"{33, 450, 455, 331, 12, 179, 470, 215, 24, 187}"
485,4348,492,0.0,"{354, 202, 267, 141, 111, 335, 468, 278, 406, 24}"
486,4354,431,0.0010001659393310547,"{162, 229, 361, 12, 179, 244, 24, 31}"
487,4370,496,0.0,"{33, 356, 454, 327, 428, 346, 79, 376, 474, 124, 221}"
488,4379,466,0.0,"{159, 353, 67, 174, 307, 342, 215, 91, 221, 31}"
489,4385,481,0.0,"{421, 457, 234, 462, 49, 313, 314, 447}"
490,4399,544,0.0,"{98, 293, 298, 12, 109, 434, 115, 309, 344, 319}"
491,4408,428,0.0,"{488, 282, 364, 112, 279, 24, 90, 284, 223}"
492,4418,443,0.00099945068359375,"{480, 288, 195, 12, 270, 23, 247, 90, 92}"
493,4431,593,0.0010001659393310547,"{258, 167, 331, 492, 366, 208, 23, 344, 378, 348}"
494,4439,495,0.0,"{132, 425, 490, 361, 12, 461, 301, 79, 216}"
495,4451,578,0.0,"{96, 97, 418, 131, 421, 460, 12, 149, 88, 314}"
496,4462,381,0.0,"{448, 121, 419, 377, 137, 267, 12, 277, 473, 474}"
497,4472,626,0.00099945068359375,"{450, 484, 360, 12, 399, 143, 369, 340, 152, 317}"
498,4483,447,0.0,"{32, 224, 453, 357, 12, 497, 114, 338, 23, 89}"
499,4493,609,0.0,"{193, 65, 102, 422, 298, 12, 365, 23, 249, 318}"
500,4501,556,0.0,"{416, 224, 40, 329, 12, 400, 278, 23, 440}"
501,4512,491,0.0,"{360, 49, 468, 148, 23, 377, 154, 283, 30}"
502,4524,577,0.0009996891021728516,"{382, 70, 8, 424, 141, 400, 436, 23, 313, 30}"
503,4533,500,0.0,"{101, 294, 389, 137, 12, 243, 23, 409, 319}"
504,4543,460,0.0,"{486, 457, 12, 78, 239, 208, 246, 23, 479}"
505,4553,473,0.0,"{159, 12, 428, 108, 208, 23, 377, 125, 447}"
506,4564,383,0.0010004043579101562,"{165, 294, 12, 367, 207, 19, 406, 442, 127}"
507,4574,464,0.0009999275207519531,"{325, 328, 331, 342, 23, 87, 188, 446, 127}"
508,4587,610,0.0009999275207519531,"{290, 196, 460, 77, 47, 19, 87, 314, 93, 479}"
509,4593,366,0.0009996891021728516,"{100, 268, 272, 19, 374, 408, 377, 445}"
510,4608,468,0.00099945068359375,"{320, 166, 59, 12, 332, 54, 473, 443, 93, 254}"
511,4622,635,0.0009999275207519531,"{160, 323, 260, 453, 324, 166, 360, 329, 78, 177, 371, 219}"
512,4626,338,0.0009996891021728516,"{352, 259, 261, 136, 12, 308, 409, 125, 350}"
513,4637,485,0.0,"{353, 130, 292, 426, 145, 499, 251, 350, 479}"
514,4649,412,0.0,"{257, 449, 321, 391, 456, 301, 334, 149, 373, 440}"
515,4660,620,0.0,"{194, 483, 169, 51, 148, 277, 281, 475, 348, 29}"
516,4670,401,0.0009999275207519531,"{8, 234, 203, 462, 207, 432, 18, 22, 94, 31}"
517,4679,465,0.0,"{489, 461, 48, 18, 247, 440, 409, 124, 414}"
518,4689,481,0.0,"{477, 386, 458, 346, 22, 249, 378, 92, 29}"
519,4702,573,0.0010004043579101562,"{352, 387, 426, 429, 302, 500, 181, 505, 252, 191}"
520,4712,281,0.0010001659393310547,"{257, 2, 202, 274, 244, 276, 22, 410, 477, 350}"
521,4723,618,0.0,"{97, 135, 359, 427, 139, 48, 305, 340, 22, 91}"
522,4731,551,0.0009996891021728516,"{288, 520, 303, 400, 338, 339, 55, 29, 127}"
523,4744,442,0.0,"{483, 389, 392, 236, 333, 372, 406, 22, 87, 377}"
524,4752,434,0.0010001659393310547,"{320, 261, 517, 331, 238, 18, 83, 22, 471}"
525,4760,394,0.0,"{1, 392, 268, 83, 307, 22, 57, 252}"
526,4779,583,0.0,"{421, 74, 123, 332, 18, 213, 22, 439, 442, 251, 381, 445}"
527,4785,608,0.0009999275207519531,"{197, 101, 362, 47, 335, 83, 51, 344, 285, 351}"
528,4792,289,0.0009987354278564453,"{128, 418, 73, 460, 18, 504, 158, 351}"
529,4802,386,0.0010004043579101562,"{357, 488, 297, 494, 433, 408, 441, 510}"
530,4817,456,0.0,"{65, 197, 11, 139, 363, 241, 337, 22, 120, 350}"
531,4827,426,0.0,"{69, 328, 72, 235, 464, 241, 401, 22, 54, 284}"
532,4838,586,0.0,"{352, 1, 256, 428, 399, 336, 467, 214, 119, 445}"
533,4850,469,0.0,"{292, 324, 11, 495, 240, 527, 179, 278, 56, 28, 477}"
534,4861,387,0.0010006427764892578,"{362, 11, 48, 467, 405, 502, 473, 250, 476, 28, 287}"
535,4869,491,0.0010006427764892578,"{416, 196, 11, 366, 239, 246, 185, 507, 508, 94}"
536,4878,563,0.0,"{130, 262, 487, 242, 148, 341, 443, 412, 94}"
537,4892,647,0.0,"{439, 58, 359, 11, 299, 237, 367, 48, 87, 343, 314}"
538,4899,457,0.0,"{257, 361, 11, 430, 241, 530, 243, 21, 248}"
539,4909,495,0.0,"{97, 11, 497, 530, 435, 21, 311, 509, 383}"
540,4924,662,0.0,"{414, 228, 361, 234, 11, 364, 242, 310, 378, 476, 382}"
541,4933,502,0.001001119613647461,"{449, 386, 98, 11, 396, 397, 241, 402, 315, 189}"
542,4943,499,0.0,"{295, 72, 490, 11, 172, 237, 21, 150, 219, 286}"
543,4952,406,0.0,"{324, 454, 232, 200, 46, 80, 17, 216, 447}"
544,4964,599,0.0,"{11, 76, 428, 46, 272, 50, 468, 21, 150, 181}"
545,4973,441,0.0,"{104, 521, 268, 495, 431, 113, 21, 278, 542}"
546,4983,480,0.0,"{262, 134, 329, 234, 11, 265, 205, 21, 313}"
547,4996,431,0.0009999275207519531,"{480, 353, 545, 455, 521, 144, 436, 212, 183, 125}"
548,5006,493,0.0,"{455, 139, 398, 401, 275, 407, 472, 473, 508, 510}"
549,5015,458,0.0010006427764892578,"{321, 515, 235, 396, 461, 399, 212, 535, 89}"
550,5025,347,0.0010006427764892578,"{476, 426, 11, 146, 21, 149, 216, 27, 508}"
551,5036,537,0.0,"{257, 296, 137, 186, 500, 54, 538, 27, 252}"
552,5048,290,0.0010008811950683594,"{320, 547, 36, 324, 43, 460, 268, 147, 55, 410}"
553,5059,358,0.0,"{487, 263, 429, 46, 432, 21, 279, 472, 27, 318}"
554,5070,581,0.0010004043579101562,"{386, 260, 293, 452, 11, 78, 303, 463, 464, 58}"
555,5080,342,0.0010006427764892578,"{225, 321, 259, 11, 78, 47, 276, 21, 90, 223}"
556,5089,365,0.0010006427764892578,"{480, 165, 144, 17, 242, 339, 499, 437, 54}"
557,5101,514,0.0,"{290, 420, 90, 43, 300, 524, 433, 50, 346, 379}"
558,5108,434,0.0,"{417, 359, 140, 110, 17, 468, 445, 286}"
559,5120,545,0.0,"{513, 385, 485, 69, 487, 359, 455, 135, 335}"
560,5131,508,0.0,"{516, 390, 423, 542, 365, 373, 342, 220, 126}"
561,5143,488,0.0010004043579101562,"{1, 354, 390, 264, 46, 111, 464, 21, 317, 221}"
562,5154,532,0.0009999275207519531,"{352, 289, 97, 483, 266, 206, 431, 17, 372, 249}"
563,5165,505,0.001004934310913086,"{551, 394, 367, 400, 273, 370, 20, 252, 92, 542}"
564,5173,340,0.0009920597076416016,"{324, 110, 304, 434, 20, 405, 345, 282, 446}"
565,5186,358,0.0010008811950683594,"{320, 384, 451, 133, 553, 522, 494, 179, 504, 124}"
566,5192,455,0.0,"{41, 334, 529, 497, 499, 278, 216, 250}"
567,5207,482,0.0010018348693847656,"{96, 542, 76, 560, 369, 212, 20, 405, 28, 510}"
568,5214,486,0.0009996891021728516,"{321, 361, 20, 535, 313, 443, 316, 189}"
569,5226,335,0.0010001659393310547,"{326, 298, 528, 20, 469, 214, 470, 89, 410}"
570,5237,497,0.0,"{480, 291, 327, 107, 271, 335, 20, 247, 218}"
571,5247,403,0.0,"{289, 423, 136, 41, 487, 560, 177, 20, 534}"
572,5262,404,0.0009987354278564453,"{64, 131, 293, 391, 75, 559, 432, 306, 57, 508, 351}"
573,5271,508,0.0,"{35, 230, 167, 552, 314, 429, 301, 242, 52, 26}"
574,5281,438,0.0009996891021728516,"{513, 398, 368, 497, 467, 500, 20, 348, 540, 479}"
575,5290,286,0.0,"{486, 426, 331, 108, 276, 20, 26, 347, 125}"
576,5302,689,0.0,"{418, 291, 132, 554, 461, 495, 80, 209, 348, 479}"
577,5311,479,0.0009996891021728516,"{166, 38, 552, 396, 274, 309, 26, 316, 382}"
578,5324,534,0.0010013580322265625,"{37, 361, 409, 45, 174, 209, 20, 345, 92, 159}"
579,5332,277,0.0,"{66, 74, 107, 397, 144, 20, 341, 374, 126}"
580,5345,526,0.0009996891021728516,"{326, 137, 10, 505, 16, 20, 438, 248, 569, 251}"
581,5357,356,0.0,"{193, 456, 521, 202, 74, 16, 51, 20, 376, 445, 543}"
582,5366,486,0.0009992122650146484,"{224, 1, 66, 484, 425, 10, 556, 79, 20, 374}"
583,5377,452,0.0010004043579101562,"{64, 67, 357, 10, 202, 399, 16, 210, 152, 284}"
584,5385,398,0.0010001659393310547,"{192, 485, 520, 201, 40, 16, 308, 153, 410}"
585,5394,473,0.0,"{263, 10, 459, 364, 16, 338, 214, 282}"
586,5409,520,0.0,"{1, 97, 260, 167, 200, 557, 109, 16, 500, 413}"
587,5417,433,0.0,"{513, 389, 73, 10, 330, 204, 406, 440, 27}"
588,5430,483,0.0,"{259, 199, 232, 297, 263, 331, 399, 563, 572, 159}"
589,5441,475,0.0,"{129, 424, 361, 10, 268, 524, 144, 273, 215, 126}"
590,5451,530,0.0010008811950683594,"{259, 421, 326, 105, 555, 236, 12, 206, 562, 31}"
591,5462,688,0.0010013580322265625,"{33, 258, 580, 520, 10, 206, 558, 343, 25, 573}"
592,5470,410,0.0010001659393310547,"{128, 577, 66, 262, 10, 143, 467, 564, 533}"
593,5483,373,0.0,"{160, 1, 548, 230, 425, 363, 75, 367, 25, 350}"
594,5492,390,0.0,"{450, 361, 301, 174, 559, 274, 19, 25, 477}"
595,5504,626,0.0010001659393310547,"{232, 329, 10, 204, 206, 209, 19, 51, 116, 122}"
596,5513,405,0.00099945068359375,"{482, 357, 358, 460, 588, 590, 19, 186, 381}"
597,5524,607,0.0,"{1, 130, 10, 16, 50, 340, 437, 25, 348}"
598,5536,391,0.0,"{1, 483, 294, 424, 141, 82, 19, 308, 116, 318}"
599,5545,348,0.0,"{1, 515, 520, 8, 559, 49, 19, 468, 250}"
600,5558,536,0.0009999275207519531,"{352, 599, 233, 10, 209, 19, 407, 314, 316, 157}"
601,5566,367,0.0,"{416, 197, 294, 10, 597, 375, 473, 413, 446}"
602,5577,369,0.0,"{1, 290, 387, 10, 398, 470, 24, 444, 223}"
603,5592,673,0.0,"{480, 10, 299, 428, 429, 303, 304, 340, 311, 222, 479}"
604,5600,496,0.0,"{227, 483, 485, 426, 81, 19, 212, 276, 59, 574}"
605,5611,370,0.0,"{295, 265, 42, 170, 16, 19, 278, 185, 253, 542}"
606,5622,604,0.0,"{549, 518, 43, 555, 46, 19, 245, 122, 286, 63}"
607,5637,737,0.0,"{161, 353, 259, 70, 10, 555, 49, 531, 84, 247, 507, 124}"
608,5643,635,0.0,"{512, 545, 99, 197, 70, 101, 488, 231, 506, 63}"
609,5654,546,0.0,"{452, 70, 294, 199, 458, 557, 465, 209, 119, 377}"
610,5665,518,0.0,"{129, 389, 358, 306, 19, 213, 535, 281, 283, 479}"
611,5673,311,0.0009999275207519531,"{192, 511, 77, 559, 530, 565, 598, 24, 287}"
612,5686,410,0.0,"{1, 227, 260, 229, 294, 10, 490, 466, 342, 255}"
613,5695,587,0.0010006427764892578,"{195, 100, 293, 420, 137, 80, 536, 507, 184}"
614,5705,454,0.0,"{576, 353, 165, 334, 117, 406, 279, 24, 543}"
615,5718,379,0.0,"{227, 420, 198, 332, 590, 402, 24, 410, 253, 286}"
616,5729,429,0.0,"{288, 229, 454, 327, 297, 461, 205, 15, 24, 474}"
617,5740,466,0.0010001659393310547,"{256, 452, 548, 551, 432, 208, 279, 24, 412, 284}"
618,5750,612,0.0,"{225, 35, 69, 329, 42, 76, 493, 496, 24, 189}"
619,5763,617,0.0,"{512, 618, 172, 15, 593, 370, 19, 340, 533, 222, 543}"
620,5772,476,0.0,"{320, 613, 296, 41, 618, 297, 242, 569, 509, 350}"
621,5784,481,0.0,"{485, 614, 520, 536, 363, 237, 367, 278, 183, 24, 575}"
622,5793,393,0.0009999275207519531,"{1, 196, 485, 295, 590, 432, 18, 275, 318, 575}"
623,5806,416,0.0,"{611, 356, 453, 39, 73, 491, 271, 593, 595, 598, 444}"
624,5815,399,0.0010008811950683594,"{322, 550, 486, 15, 271, 18, 499, 54, 343, 607}"
625,5823,443,0.0,"{1, 387, 484, 420, 518, 364, 15, 592, 599}"
626,5836,440,0.0,"{139, 365, 558, 526, 18, 179, 340, 182, 279, 125}"
627,5849,473,0.0,"{288, 545, 482, 551, 520, 460, 46, 271, 18, 565, 185}"
628,5858,605,0.0,"{97, 106, 589, 78, 463, 18, 403, 148, 376, 188}"
629,5870,632,0.0009984970092773438,"{376, 423, 138, 620, 463, 148, 470, 312, 537, 474, 219}"
630,5877,539,0.0009999275207519531,"{67, 420, 232, 491, 109, 302, 208, 369, 319}"
631,5890,366,0.0,"{478, 231, 72, 522, 108, 174, 49, 18, 184, 350}"
632,5900,235,0.0,"{67, 229, 37, 265, 560, 18, 402, 537, 285, 414}"
633,5909,408,0.0010001659393310547,"{615, 15, 465, 18, 307, 562, 215, 251, 412}"
634,5922,538,0.0010001659393310547,"{96, 233, 397, 398, 211, 406, 346, 347, 412, 190}"
635,5931,512,0.0009999275207519531,"{451, 452, 266, 269, 18, 370, 182, 538, 351}"
636,5939,214,0.0,"{482, 265, 73, 490, 496, 592, 404, 445}"
637,5956,486,0.0009999275207519531,"{66, 199, 237, 558, 111, 141, 625, 18, 148, 20, 571}"
638,5963,564,0.0009984970092773438,"{408, 440, 401, 18, 371, 50, 407, 184, 478}"
639,5974,416,0.0,"{352, 528, 337, 18, 307, 340, 499, 278, 543}"
640,5983,362,0.0009989738464355469,"{71, 490, 269, 463, 371, 183, 473, 539}"
641,5997,519,0.0,"{577, 229, 135, 170, 466, 18, 213, 629, 183, 58}"
642,6008,498,0.0010004043579101562,"{165, 9, 619, 466, 373, 182, 601, 442, 411, 94}"
643,6017,441,0.0,"{257, 165, 508, 239, 18, 119, 90, 252, 94}"
644,6030,502,0.0009996891021728516,"{321, 449, 97, 293, 390, 360, 9, 266, 18, 245}"
645,6042,586,0.0009987354278564453,"{577, 611, 296, 9, 586, 398, 591, 340, 438, 94, 223}"
646,6051,385,0.0,"{449, 191, 355, 287, 9, 524, 108, 591, 94, 223}"
647,6062,529,0.0,"{512, 292, 229, 198, 9, 329, 73, 149, 380, 606}"
648,6071,507,0.0010008811950683594,"{390, 9, 330, 490, 173, 14, 335, 205, 436}"
649,6086,541,0.0,"{352, 289, 128, 357, 424, 9, 75, 209, 466, 180, 149}"
650,6094,447,0.0009999275207519531,"{224, 65, 167, 9, 587, 18, 600, 58, 190, 543}"
651,6103,383,0.0,"{448, 385, 514, 289, 9, 297, 333, 305, 58}"
652,6118,543,0.0010004043579101562,"{448, 290, 451, 387, 9, 457, 429, 14, 117, 248, 186}"
653,6127,574,0.0009996891021728516,"{609, 26, 132, 9, 428, 45, 430, 369, 58, 381}"
654,6137,262,0.0010004043579101562,"{0, 324, 9, 426, 219, 270, 561, 627, 246, 347}"
655,6148,563,0.0,"{289, 260, 328, 488, 177, 596, 408, 220, 222, 604}"
656,6157,420,0.0010001659393310547,"{388, 586, 204, 655, 434, 216, 57, 634, 637}"
657,6166,410,0.0,"{321, 440, 424, 9, 276, 376, 410, 635}"
658,6181,351,0.0009999275207519531,"{291, 581, 9, 557, 431, 467, 118, 250, 605, 639}"
659,6191,497,0.0,"{580, 249, 43, 334, 464, 17, 373, 568, 409, 638}"
660,6202,622,0.0,"{196, 100, 535, 9, 73, 656, 436, 597, 599, 408}"
661,6211,355,0.0009999275207519531,"{522, 202, 558, 17, 114, 406, 472, 281, 509}"
662,6226,485,0.0,"{161, 446, 103, 9, 457, 267, 336, 17, 218, 445, 478}"
663,6235,541,0.0009996891021728516,"{545, 135, 136, 9, 266, 594, 57, 507, 573, 94}"
664,6246,439,0.0,"{449, 262, 614, 9, 586, 14, 432, 401, 340, 574}"
665,6256,438,0.0010018348693847656,"{260, 262, 518, 425, 491, 366, 17, 246, 536, 601}"
666,6267,475,0.0010004043579101562,"{512, 264, 201, 170, 632, 17, 213, 280, 219, 222}"
667,6278,569,0.0009999275207519531,"{226, 387, 260, 453, 455, 363, 369, 499, 277, 63}"
668,6287,411,0.0010006427764892578,"{608, 452, 260, 363, 525, 560, 114, 659, 276}"
669,6300,537,0.0009996891021728516,"{608, 324, 200, 574, 27, 113, 466, 535, 283, 446}"
670,6310,407,0.0010006427764892578,"{611, 548, 390, 392, 200, 241, 565, 249, 410, 382}"
671,6319,527,0.0,"{135, 588, 17, 210, 276, 22, 502, 314, 446}"
672,6334,451,0.0,"{324, 549, 581, 359, 425, 236, 143, 17, 626, 113, 255}"
673,6343,508,0.0,"{36, 388, 422, 648, 171, 17, 434, 337, 280, 606}"
674,6352,406,0.0010004043579101562,"{352, 98, 135, 169, 653, 561, 17, 180, 410}"
675,6367,483,0.0010023117065429688,"{197, 167, 558, 207, 80, 17, 501, 246, 442, 571, 62}"
676,6375,426,0.0009999275207519531,"{136, 170, 555, 497, 625, 501, 407, 89, 347, 253}"
677,6386,454,0.0009999275207519531,"{491, 588, 237, 399, 625, 626, 277, 26, 158, 575}"
678,6397,547,0.0,"{514, 326, 486, 38, 422, 40, 555, 538, 506, 252}"
679,6406,411,0.0,"{38, 332, 238, 14, 112, 334, 434, 374, 380}"
680,6419,541,0.0,"{672, 162, 395, 270, 625, 373, 406, 150, 88, 279}"
681,6432,609,0.0010006427764892578,"{641, 194, 3, 193, 392, 656, 371, 600, 345, 378, 219}"
682,6441,521,0.0,"{481, 577, 493, 302, 301, 274, 342, 88, 347, 476}"
683,6451,402,0.0010004043579101562,"{513, 677, 681, 268, 474, 434, 185, 634, 476, 509}"
684,6462,589,0.0,"{192, 98, 613, 390, 426, 428, 54, 311, 314, 540}"
685,6471,507,0.0010018348693847656,"{321, 643, 440, 167, 520, 340, 55, 248, 539}"
686,6482,483,0.0,"{471, 363, 16, 594, 343, 472, 247, 382, 671}"
687,6495,476,0.0009999275207519531,"{647, 296, 618, 436, 469, 598, 248, 59, 222, 350}"
688,6506,527,0.0010008811950683594,"{192, 162, 680, 553, 266, 265, 653, 209, 537, 607}"
689,6517,571,0.0010004043579101562,"{576, 544, 546, 194, 360, 113, 534, 87, 62, 191}"
690,6526,352,0.0,"{582, 202, 203, 557, 496, 118, 87, 572, 382}"
691,6538,551,0.0,"{261, 263, 167, 458, 620, 334, 83, 23, 87, 635}"
692,6545,473,0.0,"{101, 457, 201, 587, 365, 13, 597, 315}"
693,6560,464,0.0010001659393310547,"{291, 260, 567, 263, 682, 109, 462, 243, 663, 441}"
694,6567,316,0.0,"{261, 266, 16, 434, 309, 88, 413, 158}"
695,6580,655,0.001001119613647461,"{608, 428, 557, 398, 333, 464, 401, 563, 376}"
696,6593,460,0.0,"{289, 258, 616, 460, 589, 333, 241, 436, 21, 86}"
697,6604,451,0.0009996891021728516,"{353, 167, 264, 136, 623, 16, 310, 439, 92, 509}"
698,6613,363,0.0010023117065429688,"{547, 614, 394, 306, 21, 121, 347, 574, 287}"
699,6623,563,0.0010006427764892578,"{526, 240, 562, 403, 626, 179, 601, 507, 351}"
700,6634,499,0.0,"{33, 487, 233, 473, 177, 21, 408, 601, 316}"
701,6647,447,0.0010006427764892578,"{227, 390, 39, 455, 393, 521, 74, 562, 596, 572}"
702,6660,490,0.0010008811950683594,"{224, 354, 517, 7, 396, 346, 16, 252, 285, 572, 477}"
703,6669,455,0.0,"{323, 518, 327, 42, 107, 16, 496, 569, 570, 606}"
704,6682,651,0.0,"{256, 450, 260, 293, 550, 16, 273, 112, 275, 339, 536}"
705,6689,407,0.0,"{489, 106, 171, 526, 656, 436, 692, 380, 476}"
706,6700,284,0.0010008811950683594,"{517, 554, 16, 306, 467, 178, 85, 598, 188}"
707,6715,593,0.0010004043579101562,"{612, 134, 71, 650, 13, 591, 16, 433, 530, 562, 349}"
708,6726,531,0.0,"{353, 424, 649, 429, 366, 78, 16, 370, 119, 281, 476}"
709,6736,407,0.0009996891021728516,"{416, 700, 356, 5, 683, 16, 598, 664, 153, 315, 604}"
710,6743,458,0.0009999275207519531,"{321, 297, 106, 13, 47, 16, 176, 114, 253}"
711,6756,482,0.0010004043579101562,"{416, 354, 427, 13, 16, 368, 373, 182, 119, 345}"
712,6769,656,0.0010004043579101562,"{516, 425, 139, 410, 16, 593, 339, 371, 310, 602, 412}"
713,6780,587,0.0010001659393310547,"{196, 167, 317, 361, 655, 16, 561, 176, 442, 219, 573}"
714,6789,495,0.0,"{482, 134, 300, 654, 590, 560, 371, 567, 219, 316}"
715,6800,526,0.0010004043579101562,"{290, 354, 611, 485, 682, 332, 334, 16, 695, 317}"
716,6809,430,0.0010004043579101562,"{672, 450, 612, 295, 8, 364, 397, 409, 287}"
717,6822,539,0.0010004043579101562,"{421, 616, 393, 622, 400, 656, 596, 696, 58, 155}"
718,6833,625,0.0,"{672, 131, 357, 589, 493, 83, 404, 252, 63, 604}"
719,6844,595,0.0010006427764892578,"{547, 6, 715, 620, 461, 52, 405, 438, 477, 478}"
720,6855,491,0.0010001659393310547,"{481, 549, 231, 8, 104, 589, 687, 181, 470, 667}"
721,6868,586,0.0,"{714, 13, 464, 562, 404, 661, 246, 212, 473, 570, 187}"
722,6877,402,0.00099945068359375,"{577, 419, 581, 264, 331, 685, 52, 343, 568, 602}"
723,6887,546,0.001001119613647461,"{418, 34, 164, 516, 454, 82, 217, 282, 92, 543}"
724,6898,451,0.0,"{98, 227, 359, 680, 171, 364, 427, 310, 630, 699}"
725,6911,558,0.0010013580322265625,"{227, 676, 8, 267, 270, 143, 597, 566, 248, 637, 216}"
726,6918,430,0.0010006427764892578,"{260, 351, 362, 332, 628, 340, 344, 379, 31}"
727,6931,576,0.0010004043579101562,"{706, 357, 8, 172, 82, 468, 20, 247, 94, 351}"
728,6940,539,0.0010008811950683594,"{8, 171, 267, 13, 461, 403, 535, 542, 543}"
729,6955,621,0.0010004043579101562,"{129, 516, 709, 555, 460, 588, 20, 725, 508, 190, 671}"
730,6962,382,0.0,"{610, 68, 616, 8, 267, 684, 398, 473, 286}"
731,6975,628,0.001001119613647461,"{162, 711, 265, 107, 398, 335, 431, 81, 340, 504}"
732,6990,801,0.0010008811950683594,"{37, 422, 8, 296, 138, 715, 462, 304, 208, 307, 283, 509}"
733,6999,522,0.001001119613647461,"{546, 355, 388, 518, 583, 592, 147, 691, 501, 509, 287}"
734,7008,447,0.0010001659393310547,"{480, 417, 35, 8, 40, 616, 81, 635, 573, 350}"
735,7017,602,0.0009996891021728516,"{224, 353, 386, 677, 650, 619, 236, 336, 508}"
736,7030,559,0.0,"{324, 264, 331, 491, 239, 275, 348, 604, 317, 126}"
737,7043,512,0.0,"{357, 390, 199, 8, 617, 239, 497, 692, 117, 502, 254}"
738,7050,552,0.0010008811950683594,"{481, 706, 330, 394, 300, 334, 15, 689, 691}"
739,7065,496,0.0,"{545, 321, 262, 27, 15, 534, 663, 221, 379, 701, 607}"
740,7072,400,0.0,"{67, 452, 582, 42, 141, 249, 668, 349, 447}"
741,7089,772,0.0010001659393310547,"{320, 3, 739, 101, 327, 104, 298, 491, 80, 127, 317, 607}"
742,7094,453,0.0,"{8, 298, 80, 240, 404, 148, 214, 347, 412}"
743,7105,525,0.0,"{706, 485, 453, 359, 231, 15, 56, 318, 415}"
744,7120,624,0.0009999275207519531,"{353, 33, 451, 549, 683, 460, 653, 494, 436, 181, 158}"
745,7129,481,0.0010023117065429688,"{407, 386, 611, 259, 578, 526, 400, 87, 727, 56}"
746,7140,366,0.0,"{357, 327, 8, 716, 497, 338, 404, 22, 633, 638}"
747,7151,503,0.0,"{294, 424, 521, 459, 205, 462, 15, 596, 249, 125}"
748,7166,653,0.0009999275207519531,"{673, 322, 3, 264, 329, 237, 430, 431, 398, 410, 347, 731}"
749,7173,510,0.0009999275207519531,"{258, 644, 260, 37, 729, 312, 633, 314, 379, 637}"
750,7186,613,0.0009996891021728516,"{162, 292, 199, 270, 15, 78, 50, 502, 377, 731, 478}"
751,7193,523,0.0009999275207519531,"{224, 700, 707, 422, 519, 327, 550, 427, 732}"
752,7206,483,0.0009992122650146484,"{385, 319, 680, 712, 15, 367, 692, 629, 606, 575}"
753,7215,506,0.0010008811950683594,"{321, 193, 424, 170, 462, 15, 145, 441, 411}"
754,7230,490,0.0009999275207519531,"{321, 484, 487, 489, 203, 430, 15, 438, 282, 379, 349}"
755,7239,576,0.0009999275207519531,"{34, 386, 421, 230, 136, 15, 372, 603, 732, 734}"
756,7250,464,0.0,"{576, 608, 324, 170, 395, 12, 78, 562, 147, 319}"
757,7259,397,0.0009984970092773438,"{226, 583, 748, 269, 15, 275, 276, 467, 319}"
758,7270,326,0.0009996891021728516,"{417, 705, 66, 28, 15, 212, 539, 668, 703}"
759,7281,433,0.0009996891021728516,"{416, 451, 383, 8, 295, 12, 78, 307, 63}"
760,7292,566,0.0009999275207519531,"{519, 555, 144, 593, 146, 306, 119, 283, 669}"
761,7303,428,0.0,"{485, 423, 458, 266, 621, 15, 342, 312, 413}"
762,7316,561,0.0,"{674, 102, 200, 425, 303, 15, 369, 19, 665, 444}"
763,7327,548,0.0010013580322265625,"{482, 739, 676, 153, 325, 610, 136, 457, 330, 761}"
764,7338,629,0.0009989738464355469,"{512, 577, 422, 299, 12, 365, 460, 368, 145, 314}"
765,7351,578,0.0,"{485, 425, 458, 746, 12, 367, 336, 241, 214, 249, 602}"
766,7358,508,0.0009999275207519531,"{672, 65, 743, 521, 361, 363, 491, 302, 210}"
767,7371,409,0.0010004043579101562,"{322, 98, 647, 104, 210, 406, 695, 249, 570, 315}"
768,7378,391,0.0,"{224, 228, 446, 357, 204, 364, 281, 382}"
769,7395,627,0.0010008811950683594,"{385, 197, 678, 38, 141, 15, 113, 695, 732, 317, 671}"
770,7402,409,0.0010004043579101562,"{452, 325, 12, 208, 464, 306, 533, 54, 280}"
771,7417,440,0.0,"{324, 484, 584, 635, 651, 719, 48, 402, 212, 532, 379}"
772,7424,465,0.0010001659393310547,"{12, 687, 208, 210, 370, 86, 727, 699, 319}"
773,7439,614,0.0,"{196, 293, 326, 617, 554, 12, 76, 721, 562, 337, 20}"
774,7446,492,0.0009987354278564453,"{608, 323, 710, 297, 207, 624, 399, 692, 407}"
775,7459,427,0.0009996891021728516,"{130, 332, 620, 333, 48, 277, 374, 21, 413, 479}"
776,7470,434,0.0009999275207519531,"{547, 491, 12, 683, 302, 47, 651, 363, 19, 442}"
777,7481,563,0.0009999275207519531,"{544, 289, 324, 45, 206, 400, 703, 221, 734, 671}"
778,7492,620,0.0,"{329, 12, 140, 624, 755, 371, 90, 539, 380, 478}"
779,7503,412,0.0,"{674, 484, 294, 326, 329, 586, 304, 343, 509, 671}"
780,7512,416,0.0009999275207519531,"{37, 12, 429, 527, 497, 245, 219, 540, 351}"
781,7525,572,0.0009996891021728516,"{451, 580, 362, 586, 12, 400, 436, 505, 539, 63}"
782,7538,521,0.00099945068359375,"{609, 578, 292, 649, 458, 586, 268, 428, 238, 561, 53}"
783,7547,601,0.0009992122650146484,"{292, 710, 550, 457, 426, 459, 204, 531, 217, 188}"
784,7558,360,0.0010001659393310547,"{228, 485, 265, 75, 333, 304, 118, 696, 476, 318}"
785,7567,604,0.0010001659393310547,"{544, 736, 162, 520, 396, 529, 530, 285, 701}"
786,7581,454,0.001001119613647461,"{644, 296, 479, 718, 47, 528, 561, 464, 60, 383}"
787,7590,388,0.0010001659393310547,"{32, 386, 775, 722, 500, 474, 158, 285, 766}"
788,7603,490,0.0,"{578, 197, 165, 615, 393, 298, 784, 477, 254, 287}"
789,7614,521,0.0010004043579101562,"{384, 737, 225, 134, 711, 458, 219, 534, 185, 251}"
790,7625,616,0.001018524169921875,"{391, 383, 137, 397, 430, 656, 18, 247, 59, 447}"
791,7638,430,0.0009996891021728516,"{515, 196, 5, 678, 292, 778, 178, 660, 342, 636, 253}"
792,7647,450,0.0009992122650146484,"{673, 643, 268, 558, 625, 18, 758, 218, 477, 606}"
793,7660,655,0.0,"{512, 256, 295, 680, 136, 298, 332, 12, 77, 237, 665}"
794,7667,516,0.0,"{547, 551, 585, 491, 267, 239, 753, 52, 189}"
795,7680,375,0.0010001659393310547,"{576, 609, 488, 362, 331, 238, 597, 246, 663, 378}"
796,7691,557,0.0010001659393310547,"{512, 385, 200, 110, 47, 337, 338, 594, 253, 190}"
797,7700,440,0.0009996891021728516,"{417, 293, 261, 234, 14, 783, 336, 786, 502}"
798,7713,504,0.0,"{384, 383, 492, 62, 216, 505, 283, 92, 446, 735}"
799,7724,480,0.0,"{198, 328, 265, 43, 556, 14, 83, 87, 184, 315}"
800,7734,527,0.0010006427764892578,"{768, 743, 201, 682, 684, 176, 212, 601, 474}"
